index,smiles_solvent,smiles_solute,DGsolv,comment,can_smiles_solvent,can_smiles_solute
628,CCCCCC,O=Cc1occc1,0,logP_setA,CCCCCC,O=Cc1ccco1
629,Cc1ccccc1,O=Cc1occc1,0,logP_setA,Cc1ccccc1,O=Cc1ccco1
630,Clc1ccccc1,O=Cc1occc1,0,logP_setA,Clc1ccccc1,O=Cc1ccco1
631,C(Cl)Cl,O=Cc1occc1,0,logP_setA,ClCCl,O=Cc1ccco1
632,CC(C)(C)OC,O=Cc1occc1,0,logP_setA,COC(C)(C)C,O=Cc1ccco1
633,CC(OC(C)C)=O,O=Cc1occc1,0,logP_setA,CC(=O)OC(C)C,O=Cc1ccco1
634,c1ccc(cc1)CO,O=Cc1occc1,0,logP_setA,OCc1ccccc1,O=Cc1ccco1
635,C1CCCCC1O,O=Cc1occc1,0,logP_setA,OC1CCCCC1,O=Cc1ccco1
636,CCCCO,O=Cc1occc1,0,logP_setA,CCCCO,O=Cc1ccco1
637,CCCCCCCCO,O=Cc1occc1,0,logP_setA,CCCCCCCCO,O=Cc1ccco1
638,O,O=Cc1occc1,0,logP_setA,O,O=Cc1ccco1
639,CCCCCC,Oc1ccccc1,0,logP_setA,CCCCCC,Oc1ccccc1
640,Cc1ccccc1,Oc1ccccc1,0,logP_setA,Cc1ccccc1,Oc1ccccc1
641,Clc1ccccc1,Oc1ccccc1,0,logP_setA,Clc1ccccc1,Oc1ccccc1
642,C(Cl)Cl,Oc1ccccc1,0,logP_setA,ClCCl,Oc1ccccc1
643,CC(C)(C)OC,Oc1ccccc1,0,logP_setA,COC(C)(C)C,Oc1ccccc1
644,CC(OC(C)C)=O,Oc1ccccc1,0,logP_setA,CC(=O)OC(C)C,Oc1ccccc1
645,c1ccc(cc1)CO,Oc1ccccc1,0,logP_setA,OCc1ccccc1,Oc1ccccc1
646,C1CCCCC1O,Oc1ccccc1,0,logP_setA,OC1CCCCC1,Oc1ccccc1
647,CCCCO,Oc1ccccc1,0,logP_setA,CCCCO,Oc1ccccc1
648,CCCCCCCCO,Oc1ccccc1,0,logP_setA,CCCCCCCCO,Oc1ccccc1
649,O,Oc1ccccc1,0,logP_setA,O,Oc1ccccc1
650,CCCCCC,CC(C)c1ccccc1O,0,logP_setA,CCCCCC,CC(C)c1ccccc1O
651,Cc1ccccc1,CC(C)c1ccccc1O,0,logP_setA,Cc1ccccc1,CC(C)c1ccccc1O
652,Clc1ccccc1,CC(C)c1ccccc1O,0,logP_setA,Clc1ccccc1,CC(C)c1ccccc1O
653,C(Cl)Cl,CC(C)c1ccccc1O,0,logP_setA,ClCCl,CC(C)c1ccccc1O
654,CC(C)(C)OC,CC(C)c1ccccc1O,0,logP_setA,COC(C)(C)C,CC(C)c1ccccc1O
655,CC(OC(C)C)=O,CC(C)c1ccccc1O,0,logP_setA,CC(=O)OC(C)C,CC(C)c1ccccc1O
656,c1ccc(cc1)CO,CC(C)c1ccccc1O,0,logP_setA,OCc1ccccc1,CC(C)c1ccccc1O
657,C1CCCCC1O,CC(C)c1ccccc1O,0,logP_setA,OC1CCCCC1,CC(C)c1ccccc1O
658,CCCCO,CC(C)c1ccccc1O,0,logP_setA,CCCCO,CC(C)c1ccccc1O
659,CCCCCCCCO,CC(C)c1ccccc1O,0,logP_setA,CCCCCCCCO,CC(C)c1ccccc1O
660,O,CC(C)c1ccccc1O,0,logP_setA,O,CC(C)c1ccccc1O
661,CCCCCC,Cc1cccc(O)c1,0,logP_setA,CCCCCC,Cc1cccc(O)c1
662,Cc1ccccc1,Cc1cccc(O)c1,0,logP_setA,Cc1ccccc1,Cc1cccc(O)c1
663,Clc1ccccc1,Cc1cccc(O)c1,0,logP_setA,Clc1ccccc1,Cc1cccc(O)c1
664,C(Cl)Cl,Cc1cccc(O)c1,0,logP_setA,ClCCl,Cc1cccc(O)c1
665,CC(C)(C)OC,Cc1cccc(O)c1,0,logP_setA,COC(C)(C)C,Cc1cccc(O)c1
666,CC(OC(C)C)=O,Cc1cccc(O)c1,0,logP_setA,CC(=O)OC(C)C,Cc1cccc(O)c1
667,c1ccc(cc1)CO,Cc1cccc(O)c1,0,logP_setA,OCc1ccccc1,Cc1cccc(O)c1
668,C1CCCCC1O,Cc1cccc(O)c1,0,logP_setA,OC1CCCCC1,Cc1cccc(O)c1
669,CCCCO,Cc1cccc(O)c1,0,logP_setA,CCCCO,Cc1cccc(O)c1
670,CCCCCCCCO,Cc1cccc(O)c1,0,logP_setA,CCCCCCCCO,Cc1cccc(O)c1
671,O,Cc1cccc(O)c1,0,logP_setA,O,Cc1cccc(O)c1
672,CCCCCC,Oc1ccccc1O,0,logP_setA,CCCCCC,Oc1ccccc1O
673,Cc1ccccc1,Oc1ccccc1O,0,logP_setA,Cc1ccccc1,Oc1ccccc1O
674,Clc1ccccc1,Oc1ccccc1O,0,logP_setA,Clc1ccccc1,Oc1ccccc1O
675,C(Cl)Cl,Oc1ccccc1O,0,logP_setA,ClCCl,Oc1ccccc1O
676,CC(C)(C)OC,Oc1ccccc1O,0,logP_setA,COC(C)(C)C,Oc1ccccc1O
677,CC(OC(C)C)=O,Oc1ccccc1O,0,logP_setA,CC(=O)OC(C)C,Oc1ccccc1O
678,c1ccc(cc1)CO,Oc1ccccc1O,0,logP_setA,OCc1ccccc1,Oc1ccccc1O
679,C1CCCCC1O,Oc1ccccc1O,0,logP_setA,OC1CCCCC1,Oc1ccccc1O
680,CCCCO,Oc1ccccc1O,0,logP_setA,CCCCO,Oc1ccccc1O
681,CCCCCCCCO,Oc1ccccc1O,0,logP_setA,CCCCCCCCO,Oc1ccccc1O
682,O,Oc1ccccc1O,0,logP_setA,O,Oc1ccccc1O
683,CCCCCC,Cc1ccc(O)c(O)c1,0,logP_setA,CCCCCC,Cc1ccc(O)c(O)c1
684,Cc1ccccc1,Cc1ccc(O)c(O)c1,0,logP_setA,Cc1ccccc1,Cc1ccc(O)c(O)c1
685,Clc1ccccc1,Cc1ccc(O)c(O)c1,0,logP_setA,Clc1ccccc1,Cc1ccc(O)c(O)c1
686,C(Cl)Cl,Cc1ccc(O)c(O)c1,0,logP_setA,ClCCl,Cc1ccc(O)c(O)c1
687,CC(C)(C)OC,Cc1ccc(O)c(O)c1,0,logP_setA,COC(C)(C)C,Cc1ccc(O)c(O)c1
688,CC(OC(C)C)=O,Cc1ccc(O)c(O)c1,0,logP_setA,CC(=O)OC(C)C,Cc1ccc(O)c(O)c1
689,c1ccc(cc1)CO,Cc1ccc(O)c(O)c1,0,logP_setA,OCc1ccccc1,Cc1ccc(O)c(O)c1
690,C1CCCCC1O,Cc1ccc(O)c(O)c1,0,logP_setA,OC1CCCCC1,Cc1ccc(O)c(O)c1
691,CCCCO,Cc1ccc(O)c(O)c1,0,logP_setA,CCCCO,Cc1ccc(O)c(O)c1
692,CCCCCCCCO,Cc1ccc(O)c(O)c1,0,logP_setA,CCCCCCCCO,Cc1ccc(O)c(O)c1
693,O,Cc1ccc(O)c(O)c1,0,logP_setA,O,Cc1ccc(O)c(O)c1
694,CCCCCC,Oc1cccc(O)c1,0,logP_setA,CCCCCC,Oc1cccc(O)c1
695,Cc1ccccc1,Oc1cccc(O)c1,0,logP_setA,Cc1ccccc1,Oc1cccc(O)c1
696,Clc1ccccc1,Oc1cccc(O)c1,0,logP_setA,Clc1ccccc1,Oc1cccc(O)c1
697,C(Cl)Cl,Oc1cccc(O)c1,0,logP_setA,ClCCl,Oc1cccc(O)c1
698,CC(C)(C)OC,Oc1cccc(O)c1,0,logP_setA,COC(C)(C)C,Oc1cccc(O)c1
699,CC(OC(C)C)=O,Oc1cccc(O)c1,0,logP_setA,CC(=O)OC(C)C,Oc1cccc(O)c1
700,c1ccc(cc1)CO,Oc1cccc(O)c1,0,logP_setA,OCc1ccccc1,Oc1cccc(O)c1
701,C1CCCCC1O,Oc1cccc(O)c1,0,logP_setA,OC1CCCCC1,Oc1cccc(O)c1
702,CCCCO,Oc1cccc(O)c1,0,logP_setA,CCCCO,Oc1cccc(O)c1
703,CCCCCCCCO,Oc1cccc(O)c1,0,logP_setA,CCCCCCCCO,Oc1cccc(O)c1
704,O,Oc1cccc(O)c1,0,logP_setA,O,Oc1cccc(O)c1
705,CCCCCC,COc1cccc(OC)c1,0,logP_setA,CCCCCC,COc1cccc(OC)c1
706,Cc1ccccc1,COc1cccc(OC)c1,0,logP_setA,Cc1ccccc1,COc1cccc(OC)c1
707,Clc1ccccc1,COc1cccc(OC)c1,0,logP_setA,Clc1ccccc1,COc1cccc(OC)c1
708,C(Cl)Cl,COc1cccc(OC)c1,0,logP_setA,ClCCl,COc1cccc(OC)c1
709,CC(C)(C)OC,COc1cccc(OC)c1,0,logP_setA,COC(C)(C)C,COc1cccc(OC)c1
710,CC(OC(C)C)=O,COc1cccc(OC)c1,0,logP_setA,CC(=O)OC(C)C,COc1cccc(OC)c1
711,c1ccc(cc1)CO,COc1cccc(OC)c1,0,logP_setA,OCc1ccccc1,COc1cccc(OC)c1
712,C1CCCCC1O,COc1cccc(OC)c1,0,logP_setA,OC1CCCCC1,COc1cccc(OC)c1
713,CCCCO,COc1cccc(OC)c1,0,logP_setA,CCCCO,COc1cccc(OC)c1
714,CCCCCCCCO,COc1cccc(OC)c1,0,logP_setA,CCCCCCCCO,COc1cccc(OC)c1
715,O,COc1cccc(OC)c1,0,logP_setA,O,COc1cccc(OC)c1
716,CCCCCC,COc1ccccc1O,0,logP_setA,CCCCCC,COc1ccccc1O
717,Cc1ccccc1,COc1ccccc1O,0,logP_setA,Cc1ccccc1,COc1ccccc1O
718,Clc1ccccc1,COc1ccccc1O,0,logP_setA,Clc1ccccc1,COc1ccccc1O
719,C(Cl)Cl,COc1ccccc1O,0,logP_setA,ClCCl,COc1ccccc1O
720,CC(C)(C)OC,COc1ccccc1O,0,logP_setA,COC(C)(C)C,COc1ccccc1O
721,CC(OC(C)C)=O,COc1ccccc1O,0,logP_setA,CC(=O)OC(C)C,COc1ccccc1O
722,c1ccc(cc1)CO,COc1ccccc1O,0,logP_setA,OCc1ccccc1,COc1ccccc1O
723,C1CCCCC1O,COc1ccccc1O,0,logP_setA,OC1CCCCC1,COc1ccccc1O
724,CCCCO,COc1ccccc1O,0,logP_setA,CCCCO,COc1ccccc1O
725,CCCCCCCCO,COc1ccccc1O,0,logP_setA,CCCCCCCCO,COc1ccccc1O
726,O,COc1ccccc1O,0,logP_setA,O,COc1ccccc1O
727,CCCCCC,COc1cc(C=O)ccc1O,0,logP_setA,CCCCCC,COc1cc(C=O)ccc1O
728,Cc1ccccc1,COc1cc(C=O)ccc1O,0,logP_setA,Cc1ccccc1,COc1cc(C=O)ccc1O
729,Clc1ccccc1,COc1cc(C=O)ccc1O,0,logP_setA,Clc1ccccc1,COc1cc(C=O)ccc1O
730,C(Cl)Cl,COc1cc(C=O)ccc1O,0,logP_setA,ClCCl,COc1cc(C=O)ccc1O
731,CC(C)(C)OC,COc1cc(C=O)ccc1O,0,logP_setA,COC(C)(C)C,COc1cc(C=O)ccc1O
732,CC(OC(C)C)=O,COc1cc(C=O)ccc1O,0,logP_setA,CC(=O)OC(C)C,COc1cc(C=O)ccc1O
733,c1ccc(cc1)CO,COc1cc(C=O)ccc1O,0,logP_setA,OCc1ccccc1,COc1cc(C=O)ccc1O
734,C1CCCCC1O,COc1cc(C=O)ccc1O,0,logP_setA,OC1CCCCC1,COc1cc(C=O)ccc1O
735,CCCCO,COc1cc(C=O)ccc1O,0,logP_setA,CCCCO,COc1cc(C=O)ccc1O
736,CCCCCCCCO,COc1cc(C=O)ccc1O,0,logP_setA,CCCCCCCCO,COc1cc(C=O)ccc1O
737,O,COc1cc(C=O)ccc1O,0,logP_setA,O,COc1cc(C=O)ccc1O
738,CCCCCC,COc1ccc(C=O)cc1O,0,logP_setA,CCCCCC,COc1ccc(C=O)cc1O
739,Cc1ccccc1,COc1ccc(C=O)cc1O,0,logP_setA,Cc1ccccc1,COc1ccc(C=O)cc1O
740,Clc1ccccc1,COc1ccc(C=O)cc1O,0,logP_setA,Clc1ccccc1,COc1ccc(C=O)cc1O
741,C(Cl)Cl,COc1ccc(C=O)cc1O,0,logP_setA,ClCCl,COc1ccc(C=O)cc1O
742,CC(C)(C)OC,COc1ccc(C=O)cc1O,0,logP_setA,COC(C)(C)C,COc1ccc(C=O)cc1O
743,CC(OC(C)C)=O,COc1ccc(C=O)cc1O,0,logP_setA,CC(=O)OC(C)C,COc1ccc(C=O)cc1O
744,c1ccc(cc1)CO,COc1ccc(C=O)cc1O,0,logP_setA,OCc1ccccc1,COc1ccc(C=O)cc1O
745,C1CCCCC1O,COc1ccc(C=O)cc1O,0,logP_setA,OC1CCCCC1,COc1ccc(C=O)cc1O
746,CCCCO,COc1ccc(C=O)cc1O,0,logP_setA,CCCCO,COc1ccc(C=O)cc1O
747,CCCCCCCCO,COc1ccc(C=O)cc1O,0,logP_setA,CCCCCCCCO,COc1ccc(C=O)cc1O
748,O,COc1ccc(C=O)cc1O,0,logP_setA,O,COc1ccc(C=O)cc1O
749,CCCCCC,COc1cc(\C=C\C=O)ccc1O,0,logP_setA,CCCCCC,COc1cc(/C=C/C=O)ccc1O
750,Cc1ccccc1,COc1cc(\C=C\C=O)ccc1O,0,logP_setA,Cc1ccccc1,COc1cc(/C=C/C=O)ccc1O
751,Clc1ccccc1,COc1cc(\C=C\C=O)ccc1O,0,logP_setA,Clc1ccccc1,COc1cc(/C=C/C=O)ccc1O
752,C(Cl)Cl,COc1cc(\C=C\C=O)ccc1O,0,logP_setA,ClCCl,COc1cc(/C=C/C=O)ccc1O
753,CC(C)(C)OC,COc1cc(\C=C\C=O)ccc1O,0,logP_setA,COC(C)(C)C,COc1cc(/C=C/C=O)ccc1O
754,CC(OC(C)C)=O,COc1cc(\C=C\C=O)ccc1O,0,logP_setA,CC(=O)OC(C)C,COc1cc(/C=C/C=O)ccc1O
755,c1ccc(cc1)CO,COc1cc(\C=C\C=O)ccc1O,0,logP_setA,OCc1ccccc1,COc1cc(/C=C/C=O)ccc1O
756,C1CCCCC1O,COc1cc(\C=C\C=O)ccc1O,0,logP_setA,OC1CCCCC1,COc1cc(/C=C/C=O)ccc1O
757,CCCCO,COc1cc(\C=C\C=O)ccc1O,0,logP_setA,CCCCO,COc1cc(/C=C/C=O)ccc1O
758,CCCCCCCCO,COc1cc(\C=C\C=O)ccc1O,0,logP_setA,CCCCCCCCO,COc1cc(/C=C/C=O)ccc1O
759,O,COc1cc(\C=C\C=O)ccc1O,0,logP_setA,O,COc1cc(/C=C/C=O)ccc1O
760,CCCCCC,Oc1ccc(O)cc1,0,logP_setA,CCCCCC,Oc1ccc(O)cc1
761,Cc1ccccc1,Oc1ccc(O)cc1,0,logP_setA,Cc1ccccc1,Oc1ccc(O)cc1
762,Clc1ccccc1,Oc1ccc(O)cc1,0,logP_setA,Clc1ccccc1,Oc1ccc(O)cc1
763,C(Cl)Cl,Oc1ccc(O)cc1,0,logP_setA,ClCCl,Oc1ccc(O)cc1
764,CC(C)(C)OC,Oc1ccc(O)cc1,0,logP_setA,COC(C)(C)C,Oc1ccc(O)cc1
765,CC(OC(C)C)=O,Oc1ccc(O)cc1,0,logP_setA,CC(=O)OC(C)C,Oc1ccc(O)cc1
766,c1ccc(cc1)CO,Oc1ccc(O)cc1,0,logP_setA,OCc1ccccc1,Oc1ccc(O)cc1
767,C1CCCCC1O,Oc1ccc(O)cc1,0,logP_setA,OC1CCCCC1,Oc1ccc(O)cc1
768,CCCCO,Oc1ccc(O)cc1,0,logP_setA,CCCCO,Oc1ccc(O)cc1
769,CCCCCCCCO,Oc1ccc(O)cc1,0,logP_setA,CCCCCCCCO,Oc1ccc(O)cc1
770,O,Oc1ccc(O)cc1,0,logP_setA,O,Oc1ccc(O)cc1
771,CCCCCC,COc1ccc(OC)cc1,0,logP_setA,CCCCCC,COc1ccc(OC)cc1
772,Cc1ccccc1,COc1ccc(OC)cc1,0,logP_setA,Cc1ccccc1,COc1ccc(OC)cc1
773,Clc1ccccc1,COc1ccc(OC)cc1,0,logP_setA,Clc1ccccc1,COc1ccc(OC)cc1
774,C(Cl)Cl,COc1ccc(OC)cc1,0,logP_setA,ClCCl,COc1ccc(OC)cc1
775,CC(C)(C)OC,COc1ccc(OC)cc1,0,logP_setA,COC(C)(C)C,COc1ccc(OC)cc1
776,CC(OC(C)C)=O,COc1ccc(OC)cc1,0,logP_setA,CC(=O)OC(C)C,COc1ccc(OC)cc1
777,c1ccc(cc1)CO,COc1ccc(OC)cc1,0,logP_setA,OCc1ccccc1,COc1ccc(OC)cc1
778,C1CCCCC1O,COc1ccc(OC)cc1,0,logP_setA,OC1CCCCC1,COc1ccc(OC)cc1
779,CCCCO,COc1ccc(OC)cc1,0,logP_setA,CCCCO,COc1ccc(OC)cc1
780,CCCCCCCCO,COc1ccc(OC)cc1,0,logP_setA,CCCCCCCCO,COc1ccc(OC)cc1
781,O,COc1ccc(OC)cc1,0,logP_setA,O,COc1ccc(OC)cc1
782,CCCCCC,COc1ccc(C=O)cc1,0,logP_setA,CCCCCC,COc1ccc(C=O)cc1
783,Cc1ccccc1,COc1ccc(C=O)cc1,0,logP_setA,Cc1ccccc1,COc1ccc(C=O)cc1
784,Clc1ccccc1,COc1ccc(C=O)cc1,0,logP_setA,Clc1ccccc1,COc1ccc(C=O)cc1
785,C(Cl)Cl,COc1ccc(C=O)cc1,0,logP_setA,ClCCl,COc1ccc(C=O)cc1
786,CC(C)(C)OC,COc1ccc(C=O)cc1,0,logP_setA,COC(C)(C)C,COc1ccc(C=O)cc1
787,CC(OC(C)C)=O,COc1ccc(C=O)cc1,0,logP_setA,CC(=O)OC(C)C,COc1ccc(C=O)cc1
788,c1ccc(cc1)CO,COc1ccc(C=O)cc1,0,logP_setA,OCc1ccccc1,COc1ccc(C=O)cc1
789,C1CCCCC1O,COc1ccc(C=O)cc1,0,logP_setA,OC1CCCCC1,COc1ccc(C=O)cc1
790,CCCCO,COc1ccc(C=O)cc1,0,logP_setA,CCCCO,COc1ccc(C=O)cc1
791,CCCCCCCCO,COc1ccc(C=O)cc1,0,logP_setA,CCCCCCCCO,COc1ccc(C=O)cc1
792,O,COc1ccc(C=O)cc1,0,logP_setA,O,COc1ccc(C=O)cc1
793,CCCCCC,Cc1ccccc1C,0,logP_setA,CCCCCC,Cc1ccccc1C
794,Cc1ccccc1,Cc1ccccc1C,0,logP_setA,Cc1ccccc1,Cc1ccccc1C
795,Clc1ccccc1,Cc1ccccc1C,0,logP_setA,Clc1ccccc1,Cc1ccccc1C
796,C(Cl)Cl,Cc1ccccc1C,0,logP_setA,ClCCl,Cc1ccccc1C
797,CC(C)(C)OC,Cc1ccccc1C,0,logP_setA,COC(C)(C)C,Cc1ccccc1C
798,CC(OC(C)C)=O,Cc1ccccc1C,0,logP_setA,CC(=O)OC(C)C,Cc1ccccc1C
799,c1ccc(cc1)CO,Cc1ccccc1C,0,logP_setA,OCc1ccccc1,Cc1ccccc1C
800,C1CCCCC1O,Cc1ccccc1C,0,logP_setA,OC1CCCCC1,Cc1ccccc1C
801,CCCCO,Cc1ccccc1C,0,logP_setA,CCCCO,Cc1ccccc1C
802,CCCCCCCCO,Cc1ccccc1C,0,logP_setA,CCCCCCCCO,Cc1ccccc1C
803,O,Cc1ccccc1C,0,logP_setA,O,Cc1ccccc1C
804,CCCCCC,CC(=O)c1ccccc1,0,logP_setA,CCCCCC,CC(=O)c1ccccc1
805,Cc1ccccc1,CC(=O)c1ccccc1,0,logP_setA,Cc1ccccc1,CC(=O)c1ccccc1
806,Clc1ccccc1,CC(=O)c1ccccc1,0,logP_setA,Clc1ccccc1,CC(=O)c1ccccc1
807,C(Cl)Cl,CC(=O)c1ccccc1,0,logP_setA,ClCCl,CC(=O)c1ccccc1
808,CC(C)(C)OC,CC(=O)c1ccccc1,0,logP_setA,COC(C)(C)C,CC(=O)c1ccccc1
809,CC(OC(C)C)=O,CC(=O)c1ccccc1,0,logP_setA,CC(=O)OC(C)C,CC(=O)c1ccccc1
810,c1ccc(cc1)CO,CC(=O)c1ccccc1,0,logP_setA,OCc1ccccc1,CC(=O)c1ccccc1
811,C1CCCCC1O,CC(=O)c1ccccc1,0,logP_setA,OC1CCCCC1,CC(=O)c1ccccc1
812,CCCCO,CC(=O)c1ccccc1,0,logP_setA,CCCCO,CC(=O)c1ccccc1
813,CCCCCCCCO,CC(=O)c1ccccc1,0,logP_setA,CCCCCCCCO,CC(=O)c1ccccc1
814,O,CC(=O)c1ccccc1,0,logP_setA,O,CC(=O)c1ccccc1
815,CCCCCC,CC(=O)c1ccccc1O,0,logP_setA,CCCCCC,CC(=O)c1ccccc1O
816,Cc1ccccc1,CC(=O)c1ccccc1O,0,logP_setA,Cc1ccccc1,CC(=O)c1ccccc1O
817,Clc1ccccc1,CC(=O)c1ccccc1O,0,logP_setA,Clc1ccccc1,CC(=O)c1ccccc1O
818,C(Cl)Cl,CC(=O)c1ccccc1O,0,logP_setA,ClCCl,CC(=O)c1ccccc1O
819,CC(C)(C)OC,CC(=O)c1ccccc1O,0,logP_setA,COC(C)(C)C,CC(=O)c1ccccc1O
820,CC(OC(C)C)=O,CC(=O)c1ccccc1O,0,logP_setA,CC(=O)OC(C)C,CC(=O)c1ccccc1O
821,c1ccc(cc1)CO,CC(=O)c1ccccc1O,0,logP_setA,OCc1ccccc1,CC(=O)c1ccccc1O
822,C1CCCCC1O,CC(=O)c1ccccc1O,0,logP_setA,OC1CCCCC1,CC(=O)c1ccccc1O
823,CCCCO,CC(=O)c1ccccc1O,0,logP_setA,CCCCO,CC(=O)c1ccccc1O
824,CCCCCCCCO,CC(=O)c1ccccc1O,0,logP_setA,CCCCCCCCO,CC(=O)c1ccccc1O
825,O,CC(=O)c1ccccc1O,0,logP_setA,O,CC(=O)c1ccccc1O
826,CCCCCC,O=C1c2ccccc2C(=O)c3ccccc13,0,logP_setA,CCCCCC,O=C1c2ccccc2C(=O)c2ccccc21
827,Cc1ccccc1,O=C1c2ccccc2C(=O)c3ccccc13,0,logP_setA,Cc1ccccc1,O=C1c2ccccc2C(=O)c2ccccc21
828,Clc1ccccc1,O=C1c2ccccc2C(=O)c3ccccc13,0,logP_setA,Clc1ccccc1,O=C1c2ccccc2C(=O)c2ccccc21
829,C(Cl)Cl,O=C1c2ccccc2C(=O)c3ccccc13,0,logP_setA,ClCCl,O=C1c2ccccc2C(=O)c2ccccc21
830,CC(C)(C)OC,O=C1c2ccccc2C(=O)c3ccccc13,0,logP_setA,COC(C)(C)C,O=C1c2ccccc2C(=O)c2ccccc21
831,CC(OC(C)C)=O,O=C1c2ccccc2C(=O)c3ccccc13,0,logP_setA,CC(=O)OC(C)C,O=C1c2ccccc2C(=O)c2ccccc21
832,c1ccc(cc1)CO,O=C1c2ccccc2C(=O)c3ccccc13,0,logP_setA,OCc1ccccc1,O=C1c2ccccc2C(=O)c2ccccc21
833,C1CCCCC1O,O=C1c2ccccc2C(=O)c3ccccc13,0,logP_setA,OC1CCCCC1,O=C1c2ccccc2C(=O)c2ccccc21
834,CCCCO,O=C1c2ccccc2C(=O)c3ccccc13,0,logP_setA,CCCCO,O=C1c2ccccc2C(=O)c2ccccc21
835,CCCCCCCCO,O=C1c2ccccc2C(=O)c3ccccc13,0,logP_setA,CCCCCCCCO,O=C1c2ccccc2C(=O)c2ccccc21
836,O,O=C1c2ccccc2C(=O)c3ccccc13,0,logP_setA,O,O=C1c2ccccc2C(=O)c2ccccc21
837,CCCCCC,OC1c2ccccc2c3ccccc13,0,logP_setA,CCCCCC,OC1c2ccccc2-c2ccccc21
838,Cc1ccccc1,OC1c2ccccc2c3ccccc13,0,logP_setA,Cc1ccccc1,OC1c2ccccc2-c2ccccc21
839,Clc1ccccc1,OC1c2ccccc2c3ccccc13,0,logP_setA,Clc1ccccc1,OC1c2ccccc2-c2ccccc21
840,C(Cl)Cl,OC1c2ccccc2c3ccccc13,0,logP_setA,ClCCl,OC1c2ccccc2-c2ccccc21
841,CC(C)(C)OC,OC1c2ccccc2c3ccccc13,0,logP_setA,COC(C)(C)C,OC1c2ccccc2-c2ccccc21
842,CC(OC(C)C)=O,OC1c2ccccc2c3ccccc13,0,logP_setA,CC(=O)OC(C)C,OC1c2ccccc2-c2ccccc21
843,c1ccc(cc1)CO,OC1c2ccccc2c3ccccc13,0,logP_setA,OCc1ccccc1,OC1c2ccccc2-c2ccccc21
844,C1CCCCC1O,OC1c2ccccc2c3ccccc13,0,logP_setA,OC1CCCCC1,OC1c2ccccc2-c2ccccc21
845,CCCCO,OC1c2ccccc2c3ccccc13,0,logP_setA,CCCCO,OC1c2ccccc2-c2ccccc21
846,CCCCCCCCO,OC1c2ccccc2c3ccccc13,0,logP_setA,CCCCCCCCO,OC1c2ccccc2-c2ccccc21
847,O,OC1c2ccccc2c3ccccc13,0,logP_setA,O,OC1c2ccccc2-c2ccccc21
848,CCCCCC,Oc1cccc(O)c1O,0,logP_setA,CCCCCC,Oc1cccc(O)c1O
849,Cc1ccccc1,Oc1cccc(O)c1O,0,logP_setA,Cc1ccccc1,Oc1cccc(O)c1O
850,Clc1ccccc1,Oc1cccc(O)c1O,0,logP_setA,Clc1ccccc1,Oc1cccc(O)c1O
851,C(Cl)Cl,Oc1cccc(O)c1O,0,logP_setA,ClCCl,Oc1cccc(O)c1O
852,CC(C)(C)OC,Oc1cccc(O)c1O,0,logP_setA,COC(C)(C)C,Oc1cccc(O)c1O
853,CC(OC(C)C)=O,Oc1cccc(O)c1O,0,logP_setA,CC(=O)OC(C)C,Oc1cccc(O)c1O
854,c1ccc(cc1)CO,Oc1cccc(O)c1O,0,logP_setA,OCc1ccccc1,Oc1cccc(O)c1O
855,C1CCCCC1O,Oc1cccc(O)c1O,0,logP_setA,OC1CCCCC1,Oc1cccc(O)c1O
856,CCCCO,Oc1cccc(O)c1O,0,logP_setA,CCCCO,Oc1cccc(O)c1O
857,CCCCCCCCO,Oc1cccc(O)c1O,0,logP_setA,CCCCCCCCO,Oc1cccc(O)c1O
858,O,Oc1cccc(O)c1O,0,logP_setA,O,Oc1cccc(O)c1O
859,CCCCCC,COc1cccc(O)c1O,0,logP_setA,CCCCCC,COc1cccc(O)c1O
860,Cc1ccccc1,COc1cccc(O)c1O,0,logP_setA,Cc1ccccc1,COc1cccc(O)c1O
861,Clc1ccccc1,COc1cccc(O)c1O,0,logP_setA,Clc1ccccc1,COc1cccc(O)c1O
862,C(Cl)Cl,COc1cccc(O)c1O,0,logP_setA,ClCCl,COc1cccc(O)c1O
863,CC(C)(C)OC,COc1cccc(O)c1O,0,logP_setA,COC(C)(C)C,COc1cccc(O)c1O
864,CC(OC(C)C)=O,COc1cccc(O)c1O,0,logP_setA,CC(=O)OC(C)C,COc1cccc(O)c1O
865,c1ccc(cc1)CO,COc1cccc(O)c1O,0,logP_setA,OCc1ccccc1,COc1cccc(O)c1O
866,C1CCCCC1O,COc1cccc(O)c1O,0,logP_setA,OC1CCCCC1,COc1cccc(O)c1O
867,CCCCO,COc1cccc(O)c1O,0,logP_setA,CCCCO,COc1cccc(O)c1O
868,CCCCCCCCO,COc1cccc(O)c1O,0,logP_setA,CCCCCCCCO,COc1cccc(O)c1O
869,O,COc1cccc(O)c1O,0,logP_setA,O,COc1cccc(O)c1O
870,CCCCCC,COc1cccc(OC)c1O,0,logP_setA,CCCCCC,COc1cccc(OC)c1O
871,Cc1ccccc1,COc1cccc(OC)c1O,0,logP_setA,Cc1ccccc1,COc1cccc(OC)c1O
872,Clc1ccccc1,COc1cccc(OC)c1O,0,logP_setA,Clc1ccccc1,COc1cccc(OC)c1O
873,C(Cl)Cl,COc1cccc(OC)c1O,0,logP_setA,ClCCl,COc1cccc(OC)c1O
874,CC(C)(C)OC,COc1cccc(OC)c1O,0,logP_setA,COC(C)(C)C,COc1cccc(OC)c1O
875,CC(OC(C)C)=O,COc1cccc(OC)c1O,0,logP_setA,CC(=O)OC(C)C,COc1cccc(OC)c1O
876,c1ccc(cc1)CO,COc1cccc(OC)c1O,0,logP_setA,OCc1ccccc1,COc1cccc(OC)c1O
877,C1CCCCC1O,COc1cccc(OC)c1O,0,logP_setA,OC1CCCCC1,COc1cccc(OC)c1O
878,CCCCO,COc1cccc(OC)c1O,0,logP_setA,CCCCO,COc1cccc(OC)c1O
879,CCCCCCCCO,COc1cccc(OC)c1O,0,logP_setA,CCCCCCCCO,COc1cccc(OC)c1O
880,O,COc1cccc(OC)c1O,0,logP_setA,O,COc1cccc(OC)c1O
881,CCCCCC,COc1cc(C=O)cc(OC)c1O,0,logP_setA,CCCCCC,COc1cc(C=O)cc(OC)c1O
882,Cc1ccccc1,COc1cc(C=O)cc(OC)c1O,0,logP_setA,Cc1ccccc1,COc1cc(C=O)cc(OC)c1O
883,Clc1ccccc1,COc1cc(C=O)cc(OC)c1O,0,logP_setA,Clc1ccccc1,COc1cc(C=O)cc(OC)c1O
884,C(Cl)Cl,COc1cc(C=O)cc(OC)c1O,0,logP_setA,ClCCl,COc1cc(C=O)cc(OC)c1O
885,CC(C)(C)OC,COc1cc(C=O)cc(OC)c1O,0,logP_setA,COC(C)(C)C,COc1cc(C=O)cc(OC)c1O
886,CC(OC(C)C)=O,COc1cc(C=O)cc(OC)c1O,0,logP_setA,CC(=O)OC(C)C,COc1cc(C=O)cc(OC)c1O
887,c1ccc(cc1)CO,COc1cc(C=O)cc(OC)c1O,0,logP_setA,OCc1ccccc1,COc1cc(C=O)cc(OC)c1O
888,C1CCCCC1O,COc1cc(C=O)cc(OC)c1O,0,logP_setA,OC1CCCCC1,COc1cc(C=O)cc(OC)c1O
889,CCCCO,COc1cc(C=O)cc(OC)c1O,0,logP_setA,CCCCO,COc1cc(C=O)cc(OC)c1O
890,CCCCCCCCO,COc1cc(C=O)cc(OC)c1O,0,logP_setA,CCCCCCCCO,COc1cc(C=O)cc(OC)c1O
891,O,COc1cc(C=O)cc(OC)c1O,0,logP_setA,O,COc1cc(C=O)cc(OC)c1O
892,CCCCCC,COc1cc(cc(OC)c1O)C(O)=O,0,logP_setA,CCCCCC,COc1cc(C(=O)O)cc(OC)c1O
893,Cc1ccccc1,COc1cc(cc(OC)c1O)C(O)=O,0,logP_setA,Cc1ccccc1,COc1cc(C(=O)O)cc(OC)c1O
894,Clc1ccccc1,COc1cc(cc(OC)c1O)C(O)=O,0,logP_setA,Clc1ccccc1,COc1cc(C(=O)O)cc(OC)c1O
895,C(Cl)Cl,COc1cc(cc(OC)c1O)C(O)=O,0,logP_setA,ClCCl,COc1cc(C(=O)O)cc(OC)c1O
896,CC(C)(C)OC,COc1cc(cc(OC)c1O)C(O)=O,0,logP_setA,COC(C)(C)C,COc1cc(C(=O)O)cc(OC)c1O
897,CC(OC(C)C)=O,COc1cc(cc(OC)c1O)C(O)=O,0,logP_setA,CC(=O)OC(C)C,COc1cc(C(=O)O)cc(OC)c1O
898,c1ccc(cc1)CO,COc1cc(cc(OC)c1O)C(O)=O,0,logP_setA,OCc1ccccc1,COc1cc(C(=O)O)cc(OC)c1O
899,C1CCCCC1O,COc1cc(cc(OC)c1O)C(O)=O,0,logP_setA,OC1CCCCC1,COc1cc(C(=O)O)cc(OC)c1O
900,CCCCO,COc1cc(cc(OC)c1O)C(O)=O,0,logP_setA,CCCCO,COc1cc(C(=O)O)cc(OC)c1O
901,CCCCCCCCO,COc1cc(cc(OC)c1O)C(O)=O,0,logP_setA,CCCCCCCCO,COc1cc(C(=O)O)cc(OC)c1O
902,O,COc1cc(cc(OC)c1O)C(O)=O,0,logP_setA,O,COc1cc(C(=O)O)cc(OC)c1O
903,CCCCCC,OC(=O)c1cc(O)c(O)c(O)c1,0,logP_setA,CCCCCC,O=C(O)c1cc(O)c(O)c(O)c1
904,Cc1ccccc1,OC(=O)c1cc(O)c(O)c(O)c1,0,logP_setA,Cc1ccccc1,O=C(O)c1cc(O)c(O)c(O)c1
905,Clc1ccccc1,OC(=O)c1cc(O)c(O)c(O)c1,0,logP_setA,Clc1ccccc1,O=C(O)c1cc(O)c(O)c(O)c1
906,C(Cl)Cl,OC(=O)c1cc(O)c(O)c(O)c1,0,logP_setA,ClCCl,O=C(O)c1cc(O)c(O)c(O)c1
907,CC(C)(C)OC,OC(=O)c1cc(O)c(O)c(O)c1,0,logP_setA,COC(C)(C)C,O=C(O)c1cc(O)c(O)c(O)c1
908,CC(OC(C)C)=O,OC(=O)c1cc(O)c(O)c(O)c1,0,logP_setA,CC(=O)OC(C)C,O=C(O)c1cc(O)c(O)c(O)c1
909,c1ccc(cc1)CO,OC(=O)c1cc(O)c(O)c(O)c1,0,logP_setA,OCc1ccccc1,O=C(O)c1cc(O)c(O)c(O)c1
910,C1CCCCC1O,OC(=O)c1cc(O)c(O)c(O)c1,0,logP_setA,OC1CCCCC1,O=C(O)c1cc(O)c(O)c(O)c1
911,CCCCO,OC(=O)c1cc(O)c(O)c(O)c1,0,logP_setA,CCCCO,O=C(O)c1cc(O)c(O)c(O)c1
912,CCCCCCCCO,OC(=O)c1cc(O)c(O)c(O)c1,0,logP_setA,CCCCCCCCO,O=C(O)c1cc(O)c(O)c(O)c1
913,O,OC(=O)c1cc(O)c(O)c(O)c1,0,logP_setA,O,O=C(O)c1cc(O)c(O)c(O)c1
914,CCCCCC,COc1cc(ccc1O)C(O)=O,0,logP_setA,CCCCCC,COc1cc(C(=O)O)ccc1O
915,Cc1ccccc1,COc1cc(ccc1O)C(O)=O,0,logP_setA,Cc1ccccc1,COc1cc(C(=O)O)ccc1O
916,Clc1ccccc1,COc1cc(ccc1O)C(O)=O,0,logP_setA,Clc1ccccc1,COc1cc(C(=O)O)ccc1O
917,C(Cl)Cl,COc1cc(ccc1O)C(O)=O,0,logP_setA,ClCCl,COc1cc(C(=O)O)ccc1O
918,CC(C)(C)OC,COc1cc(ccc1O)C(O)=O,0,logP_setA,COC(C)(C)C,COc1cc(C(=O)O)ccc1O
919,CC(OC(C)C)=O,COc1cc(ccc1O)C(O)=O,0,logP_setA,CC(=O)OC(C)C,COc1cc(C(=O)O)ccc1O
920,c1ccc(cc1)CO,COc1cc(ccc1O)C(O)=O,0,logP_setA,OCc1ccccc1,COc1cc(C(=O)O)ccc1O
921,C1CCCCC1O,COc1cc(ccc1O)C(O)=O,0,logP_setA,OC1CCCCC1,COc1cc(C(=O)O)ccc1O
922,CCCCO,COc1cc(ccc1O)C(O)=O,0,logP_setA,CCCCO,COc1cc(C(=O)O)ccc1O
923,CCCCCCCCO,COc1cc(ccc1O)C(O)=O,0,logP_setA,CCCCCCCCO,COc1cc(C(=O)O)ccc1O
924,O,COc1cc(ccc1O)C(O)=O,0,logP_setA,O,COc1cc(C(=O)O)ccc1O
925,CCCCCC,OC(=O)c1ccc(O)cc1,0,logP_setA,CCCCCC,O=C(O)c1ccc(O)cc1
926,Cc1ccccc1,OC(=O)c1ccc(O)cc1,0,logP_setA,Cc1ccccc1,O=C(O)c1ccc(O)cc1
927,Clc1ccccc1,OC(=O)c1ccc(O)cc1,0,logP_setA,Clc1ccccc1,O=C(O)c1ccc(O)cc1
928,C(Cl)Cl,OC(=O)c1ccc(O)cc1,0,logP_setA,ClCCl,O=C(O)c1ccc(O)cc1
929,CC(C)(C)OC,OC(=O)c1ccc(O)cc1,0,logP_setA,COC(C)(C)C,O=C(O)c1ccc(O)cc1
930,CC(OC(C)C)=O,OC(=O)c1ccc(O)cc1,0,logP_setA,CC(=O)OC(C)C,O=C(O)c1ccc(O)cc1
931,c1ccc(cc1)CO,OC(=O)c1ccc(O)cc1,0,logP_setA,OCc1ccccc1,O=C(O)c1ccc(O)cc1
932,C1CCCCC1O,OC(=O)c1ccc(O)cc1,0,logP_setA,OC1CCCCC1,O=C(O)c1ccc(O)cc1
933,CCCCO,OC(=O)c1ccc(O)cc1,0,logP_setA,CCCCO,O=C(O)c1ccc(O)cc1
934,CCCCCCCCO,OC(=O)c1ccc(O)cc1,0,logP_setA,CCCCCCCCO,O=C(O)c1ccc(O)cc1
935,O,OC(=O)c1ccc(O)cc1,0,logP_setA,O,O=C(O)c1ccc(O)cc1
936,CCCCCC,COc1cc(\C=C\C(O)=O)ccc1O,0,logP_setA,CCCCCC,COc1cc(/C=C/C(=O)O)ccc1O
937,Cc1ccccc1,COc1cc(\C=C\C(O)=O)ccc1O,0,logP_setA,Cc1ccccc1,COc1cc(/C=C/C(=O)O)ccc1O
938,Clc1ccccc1,COc1cc(\C=C\C(O)=O)ccc1O,0,logP_setA,Clc1ccccc1,COc1cc(/C=C/C(=O)O)ccc1O
939,C(Cl)Cl,COc1cc(\C=C\C(O)=O)ccc1O,0,logP_setA,ClCCl,COc1cc(/C=C/C(=O)O)ccc1O
940,CC(C)(C)OC,COc1cc(\C=C\C(O)=O)ccc1O,0,logP_setA,COC(C)(C)C,COc1cc(/C=C/C(=O)O)ccc1O
941,CC(OC(C)C)=O,COc1cc(\C=C\C(O)=O)ccc1O,0,logP_setA,CC(=O)OC(C)C,COc1cc(/C=C/C(=O)O)ccc1O
942,c1ccc(cc1)CO,COc1cc(\C=C\C(O)=O)ccc1O,0,logP_setA,OCc1ccccc1,COc1cc(/C=C/C(=O)O)ccc1O
943,C1CCCCC1O,COc1cc(\C=C\C(O)=O)ccc1O,0,logP_setA,OC1CCCCC1,COc1cc(/C=C/C(=O)O)ccc1O
944,CCCCO,COc1cc(\C=C\C(O)=O)ccc1O,0,logP_setA,CCCCO,COc1cc(/C=C/C(=O)O)ccc1O
945,CCCCCCCCO,COc1cc(\C=C\C(O)=O)ccc1O,0,logP_setA,CCCCCCCCO,COc1cc(/C=C/C(=O)O)ccc1O
946,O,COc1cc(\C=C\C(O)=O)ccc1O,0,logP_setA,O,COc1cc(/C=C/C(=O)O)ccc1O
947,CCCCCC,COc1ccc(cc1)C(O)=O,0,logP_setA,CCCCCC,COc1ccc(C(=O)O)cc1
948,Cc1ccccc1,COc1ccc(cc1)C(O)=O,0,logP_setA,Cc1ccccc1,COc1ccc(C(=O)O)cc1
949,Clc1ccccc1,COc1ccc(cc1)C(O)=O,0,logP_setA,Clc1ccccc1,COc1ccc(C(=O)O)cc1
950,C(Cl)Cl,COc1ccc(cc1)C(O)=O,0,logP_setA,ClCCl,COc1ccc(C(=O)O)cc1
951,CC(C)(C)OC,COc1ccc(cc1)C(O)=O,0,logP_setA,COC(C)(C)C,COc1ccc(C(=O)O)cc1
952,CC(OC(C)C)=O,COc1ccc(cc1)C(O)=O,0,logP_setA,CC(=O)OC(C)C,COc1ccc(C(=O)O)cc1
953,c1ccc(cc1)CO,COc1ccc(cc1)C(O)=O,0,logP_setA,OCc1ccccc1,COc1ccc(C(=O)O)cc1
954,C1CCCCC1O,COc1ccc(cc1)C(O)=O,0,logP_setA,OC1CCCCC1,COc1ccc(C(=O)O)cc1
955,CCCCO,COc1ccc(cc1)C(O)=O,0,logP_setA,CCCCO,COc1ccc(C(=O)O)cc1
956,CCCCCCCCO,COc1ccc(cc1)C(O)=O,0,logP_setA,CCCCCCCCO,COc1ccc(C(=O)O)cc1
957,O,COc1ccc(cc1)C(O)=O,0,logP_setA,O,COc1ccc(C(=O)O)cc1
958,Cc1ccccc1,Nc1ccccc1,0,logP_setB,Cc1ccccc1,Nc1ccccc1
959,C(Cl)Cl,Nc1ccccc1,0,logP_setB,ClCCl,Nc1ccccc1
960,CC(OC(C)C)=O,Nc1ccccc1,0,logP_setB,CC(=O)OC(C)C,Nc1ccccc1
961,CCCCO,Nc1ccccc1,0,logP_setB,CCCCO,Nc1ccccc1
962,O,Nc1ccccc1,0,logP_setB,O,Nc1ccccc1
963,Cc1ccccc1,Nc1ccc(cc1)C(F)(F)F,0,logP_setB,Cc1ccccc1,Nc1ccc(C(F)(F)F)cc1
964,C(Cl)Cl,Nc1ccc(cc1)C(F)(F)F,0,logP_setB,ClCCl,Nc1ccc(C(F)(F)F)cc1
965,CC(OC(C)C)=O,Nc1ccc(cc1)C(F)(F)F,0,logP_setB,CC(=O)OC(C)C,Nc1ccc(C(F)(F)F)cc1
966,CCCCO,Nc1ccc(cc1)C(F)(F)F,0,logP_setB,CCCCO,Nc1ccc(C(F)(F)F)cc1
967,O,Nc1ccc(cc1)C(F)(F)F,0,logP_setB,O,Nc1ccc(C(F)(F)F)cc1
968,Cc1ccccc1,N(c1ccccc1)c2ccccc2,0,logP_setB,Cc1ccccc1,c1ccc(Nc2ccccc2)cc1
969,C(Cl)Cl,N(c1ccccc1)c2ccccc2,0,logP_setB,ClCCl,c1ccc(Nc2ccccc2)cc1
970,CC(OC(C)C)=O,N(c1ccccc1)c2ccccc2,0,logP_setB,CC(=O)OC(C)C,c1ccc(Nc2ccccc2)cc1
971,CCCCO,N(c1ccccc1)c2ccccc2,0,logP_setB,CCCCO,c1ccc(Nc2ccccc2)cc1
972,O,N(c1ccccc1)c2ccccc2,0,logP_setB,O,c1ccc(Nc2ccccc2)cc1
973,Cc1ccccc1,Nc1ccc(cc1)[S](N)(=O)=O,0,logP_setB,Cc1ccccc1,Nc1ccc(S(N)(=O)=O)cc1
974,C(Cl)Cl,Nc1ccc(cc1)[S](N)(=O)=O,0,logP_setB,ClCCl,Nc1ccc(S(N)(=O)=O)cc1
975,CC(OC(C)C)=O,Nc1ccc(cc1)[S](N)(=O)=O,0,logP_setB,CC(=O)OC(C)C,Nc1ccc(S(N)(=O)=O)cc1
976,CCCCO,Nc1ccc(cc1)[S](N)(=O)=O,0,logP_setB,CCCCO,Nc1ccc(S(N)(=O)=O)cc1
977,O,Nc1ccc(cc1)[S](N)(=O)=O,0,logP_setB,O,Nc1ccc(S(N)(=O)=O)cc1
978,Cc1ccccc1,[nH]1cnc2ccccc12,0,logP_setB,Cc1ccccc1,c1ccc2[nH]cnc2c1
979,C(Cl)Cl,[nH]1cnc2ccccc12,0,logP_setB,ClCCl,c1ccc2[nH]cnc2c1
980,CC(OC(C)C)=O,[nH]1cnc2ccccc12,0,logP_setB,CC(=O)OC(C)C,c1ccc2[nH]cnc2c1
981,CCCCO,[nH]1cnc2ccccc12,0,logP_setB,CCCCO,c1ccc2[nH]cnc2c1
982,O,[nH]1cnc2ccccc12,0,logP_setB,O,c1ccc2[nH]cnc2c1
983,Cc1ccccc1,[O-][N+](=O)c1ccc2nc[nH]c2c1,0,logP_setB,Cc1ccccc1,O=[N+]([O-])c1ccc2nc[nH]c2c1
984,C(Cl)Cl,[O-][N+](=O)c1ccc2nc[nH]c2c1,0,logP_setB,ClCCl,O=[N+]([O-])c1ccc2nc[nH]c2c1
985,CC(OC(C)C)=O,[O-][N+](=O)c1ccc2nc[nH]c2c1,0,logP_setB,CC(=O)OC(C)C,O=[N+]([O-])c1ccc2nc[nH]c2c1
986,CCCCO,[O-][N+](=O)c1ccc2nc[nH]c2c1,0,logP_setB,CCCCO,O=[N+]([O-])c1ccc2nc[nH]c2c1
987,O,[O-][N+](=O)c1ccc2nc[nH]c2c1,0,logP_setB,O,O=[N+]([O-])c1ccc2nc[nH]c2c1
988,Cc1ccccc1,CC1=CNC(=O)NC1=O,0,logP_setB,Cc1ccccc1,Cc1c[nH]c(=O)[nH]c1=O
989,C(Cl)Cl,CC1=CNC(=O)NC1=O,0,logP_setB,ClCCl,Cc1c[nH]c(=O)[nH]c1=O
990,CC(OC(C)C)=O,CC1=CNC(=O)NC1=O,0,logP_setB,CC(=O)OC(C)C,Cc1c[nH]c(=O)[nH]c1=O
991,CCCCO,CC1=CNC(=O)NC1=O,0,logP_setB,CCCCO,Cc1c[nH]c(=O)[nH]c1=O
992,O,CC1=CNC(=O)NC1=O,0,logP_setB,O,Cc1c[nH]c(=O)[nH]c1=O
993,Cc1ccccc1,Cn1cnc2N(C)C(=O)N(C)C(=O)c12,0,logP_setB,Cc1ccccc1,Cn1c(=O)c2c(ncn2C)n(C)c1=O
994,C(Cl)Cl,Cn1cnc2N(C)C(=O)N(C)C(=O)c12,0,logP_setB,ClCCl,Cn1c(=O)c2c(ncn2C)n(C)c1=O
995,CC(OC(C)C)=O,Cn1cnc2N(C)C(=O)N(C)C(=O)c12,0,logP_setB,CC(=O)OC(C)C,Cn1c(=O)c2c(ncn2C)n(C)c1=O
996,CCCCO,Cn1cnc2N(C)C(=O)N(C)C(=O)c12,0,logP_setB,CCCCO,Cn1c(=O)c2c(ncn2C)n(C)c1=O
997,O,Cn1cnc2N(C)C(=O)N(C)C(=O)c12,0,logP_setB,O,Cn1c(=O)c2c(ncn2C)n(C)c1=O
998,Cc1ccccc1,O=C1NC(=O)C(N1)(c2ccccc2)c3ccccc3,0,logP_setB,Cc1ccccc1,O=C1NC(=O)C(c2ccccc2)(c2ccccc2)N1
999,C(Cl)Cl,O=C1NC(=O)C(N1)(c2ccccc2)c3ccccc3,0,logP_setB,ClCCl,O=C1NC(=O)C(c2ccccc2)(c2ccccc2)N1
1000,CC(OC(C)C)=O,O=C1NC(=O)C(N1)(c2ccccc2)c3ccccc3,0,logP_setB,CC(=O)OC(C)C,O=C1NC(=O)C(c2ccccc2)(c2ccccc2)N1
1001,CCCCO,O=C1NC(=O)C(N1)(c2ccccc2)c3ccccc3,0,logP_setB,CCCCO,O=C1NC(=O)C(c2ccccc2)(c2ccccc2)N1
1002,O,O=C1NC(=O)C(N1)(c2ccccc2)c3ccccc3,0,logP_setB,O,O=C1NC(=O)C(c2ccccc2)(c2ccccc2)N1
1003,Cc1ccccc1,COC(=O)c1ccccc1C(=O)OC,0,logP_setB,Cc1ccccc1,COC(=O)c1ccccc1C(=O)OC
1004,C(Cl)Cl,COC(=O)c1ccccc1C(=O)OC,0,logP_setB,ClCCl,COC(=O)c1ccccc1C(=O)OC
1005,CC(OC(C)C)=O,COC(=O)c1ccccc1C(=O)OC,0,logP_setB,CC(=O)OC(C)C,COC(=O)c1ccccc1C(=O)OC
1006,CCCCO,COC(=O)c1ccccc1C(=O)OC,0,logP_setB,CCCCO,COC(=O)c1ccccc1C(=O)OC
1007,O,COC(=O)c1ccccc1C(=O)OC,0,logP_setB,O,COC(=O)c1ccccc1C(=O)OC
1008,Cc1ccccc1,O=[P](c1ccccc1)(c2ccccc2)c3ccccc3,0,logP_setB,Cc1ccccc1,O=P(c1ccccc1)(c1ccccc1)c1ccccc1
1009,C(Cl)Cl,O=[P](c1ccccc1)(c2ccccc2)c3ccccc3,0,logP_setB,ClCCl,O=P(c1ccccc1)(c1ccccc1)c1ccccc1
1010,CC(OC(C)C)=O,O=[P](c1ccccc1)(c2ccccc2)c3ccccc3,0,logP_setB,CC(=O)OC(C)C,O=P(c1ccccc1)(c1ccccc1)c1ccccc1
1011,CCCCO,O=[P](c1ccccc1)(c2ccccc2)c3ccccc3,0,logP_setB,CCCCO,O=P(c1ccccc1)(c1ccccc1)c1ccccc1
1012,O,O=[P](c1ccccc1)(c2ccccc2)c3ccccc3,0,logP_setB,O,O=P(c1ccccc1)(c1ccccc1)c1ccccc1
1013,Cc1ccccc1,Oc1cccc2ccccc12,0,logP_setB,Cc1ccccc1,Oc1cccc2ccccc12
1014,C(Cl)Cl,Oc1cccc2ccccc12,0,logP_setB,ClCCl,Oc1cccc2ccccc12
1015,CC(OC(C)C)=O,Oc1cccc2ccccc12,0,logP_setB,CC(=O)OC(C)C,Oc1cccc2ccccc12
1016,CCCCO,Oc1cccc2ccccc12,0,logP_setB,CCCCO,Oc1cccc2ccccc12
1017,O,Oc1cccc2ccccc12,0,logP_setB,O,Oc1cccc2ccccc12
1018,Cc1ccccc1,C[C@]12CC[C@H]3[C@@H](CCc4cc(O)ccc34)[C@@H]1CC[C@@H]2O,0,logP_setB,Cc1ccccc1,C[C@]12CC[C@@H]3c4ccc(O)cc4CC[C@H]3[C@@H]1CC[C@@H]2O
1019,C(Cl)Cl,C[C@]12CC[C@H]3[C@@H](CCc4cc(O)ccc34)[C@@H]1CC[C@@H]2O,0,logP_setB,ClCCl,C[C@]12CC[C@@H]3c4ccc(O)cc4CC[C@H]3[C@@H]1CC[C@@H]2O
1020,CC(OC(C)C)=O,C[C@]12CC[C@H]3[C@@H](CCc4cc(O)ccc34)[C@@H]1CC[C@@H]2O,0,logP_setB,CC(=O)OC(C)C,C[C@]12CC[C@@H]3c4ccc(O)cc4CC[C@H]3[C@@H]1CC[C@@H]2O
1021,CCCCO,C[C@]12CC[C@H]3[C@@H](CCc4cc(O)ccc34)[C@@H]1CC[C@@H]2O,0,logP_setB,CCCCO,C[C@]12CC[C@@H]3c4ccc(O)cc4CC[C@H]3[C@@H]1CC[C@@H]2O
1022,O,C[C@]12CC[C@H]3[C@@H](CCc4cc(O)ccc34)[C@@H]1CC[C@@H]2O,0,logP_setB,O,C[C@]12CC[C@@H]3c4ccc(O)cc4CC[C@H]3[C@@H]1CC[C@@H]2O
1023,Cc1ccccc1,NC(=O)c1ccccc1,0,logP_setB,Cc1ccccc1,NC(=O)c1ccccc1
1024,C(Cl)Cl,NC(=O)c1ccccc1,0,logP_setB,ClCCl,NC(=O)c1ccccc1
1025,CC(OC(C)C)=O,NC(=O)c1ccccc1,0,logP_setB,CC(=O)OC(C)C,NC(=O)c1ccccc1
1026,CCCCO,NC(=O)c1ccccc1,0,logP_setB,CCCCO,NC(=O)c1ccccc1
1027,O,NC(=O)c1ccccc1,0,logP_setB,O,NC(=O)c1ccccc1
1028,Cc1ccccc1,CCN(CC)C(=O)c1cccnc1,0,logP_setB,Cc1ccccc1,CCN(CC)C(=O)c1cccnc1
1029,C(Cl)Cl,CCN(CC)C(=O)c1cccnc1,0,logP_setB,ClCCl,CCN(CC)C(=O)c1cccnc1
1030,CC(OC(C)C)=O,CCN(CC)C(=O)c1cccnc1,0,logP_setB,CC(=O)OC(C)C,CCN(CC)C(=O)c1cccnc1
1031,CCCCO,CCN(CC)C(=O)c1cccnc1,0,logP_setB,CCCCO,CCN(CC)C(=O)c1cccnc1
1032,O,CCN(CC)C(=O)c1cccnc1,0,logP_setB,O,CCN(CC)C(=O)c1cccnc1
1033,Cc1ccccc1,CN1N(C(=O)C(=C1C)CC2=C(C)N(C)N(C2=O)c3ccccc3)c4ccccc4,0,logP_setB,Cc1ccccc1,Cc1c(Cc2c(C)n(C)n(-c3ccccc3)c2=O)c(=O)n(-c2ccccc2)n1C
1034,C(Cl)Cl,CN1N(C(=O)C(=C1C)CC2=C(C)N(C)N(C2=O)c3ccccc3)c4ccccc4,0,logP_setB,ClCCl,Cc1c(Cc2c(C)n(C)n(-c3ccccc3)c2=O)c(=O)n(-c2ccccc2)n1C
1035,CC(OC(C)C)=O,CN1N(C(=O)C(=C1C)CC2=C(C)N(C)N(C2=O)c3ccccc3)c4ccccc4,0,logP_setB,CC(=O)OC(C)C,Cc1c(Cc2c(C)n(C)n(-c3ccccc3)c2=O)c(=O)n(-c2ccccc2)n1C
1036,CCCCO,CN1N(C(=O)C(=C1C)CC2=C(C)N(C)N(C2=O)c3ccccc3)c4ccccc4,0,logP_setB,CCCCO,Cc1c(Cc2c(C)n(C)n(-c3ccccc3)c2=O)c(=O)n(-c2ccccc2)n1C
1037,O,CN1N(C(=O)C(=C1C)CC2=C(C)N(C)N(C2=O)c3ccccc3)c4ccccc4,0,logP_setB,O,Cc1c(Cc2c(C)n(C)n(-c3ccccc3)c2=O)c(=O)n(-c2ccccc2)n1C
1038,Cc1ccccc1,CN(C(C)=C(C(C1=CC=CC=C1)C(C2=O)=C(C)N(C)N2C3=CC=CC=C3)C4=O)N4C5=CC=CC=C5,0,logP_setB,Cc1ccccc1,Cc1c(C(c2ccccc2)c2c(C)n(C)n(-c3ccccc3)c2=O)c(=O)n(-c2ccccc2)n1C
1039,C(Cl)Cl,CN(C(C)=C(C(C1=CC=CC=C1)C(C2=O)=C(C)N(C)N2C3=CC=CC=C3)C4=O)N4C5=CC=CC=C5,0,logP_setB,ClCCl,Cc1c(C(c2ccccc2)c2c(C)n(C)n(-c3ccccc3)c2=O)c(=O)n(-c2ccccc2)n1C
1040,CC(OC(C)C)=O,CN(C(C)=C(C(C1=CC=CC=C1)C(C2=O)=C(C)N(C)N2C3=CC=CC=C3)C4=O)N4C5=CC=CC=C5,0,logP_setB,CC(=O)OC(C)C,Cc1c(C(c2ccccc2)c2c(C)n(C)n(-c3ccccc3)c2=O)c(=O)n(-c2ccccc2)n1C
1041,CCCCO,CN(C(C)=C(C(C1=CC=CC=C1)C(C2=O)=C(C)N(C)N2C3=CC=CC=C3)C4=O)N4C5=CC=CC=C5,0,logP_setB,CCCCO,Cc1c(C(c2ccccc2)c2c(C)n(C)n(-c3ccccc3)c2=O)c(=O)n(-c2ccccc2)n1C
1042,O,CN(C(C)=C(C(C1=CC=CC=C1)C(C2=O)=C(C)N(C)N2C3=CC=CC=C3)C4=O)N4C5=CC=CC=C5,0,logP_setB,O,Cc1c(C(c2ccccc2)c2c(C)n(C)n(-c3ccccc3)c2=O)c(=O)n(-c2ccccc2)n1C
1043,C(Cl)(Cl)Cl,CN1C=NC2=C(N=CN=C21)N,0,setC-A,ClC(Cl)Cl,Cn1cnc2c(N)ncnc21
1044,O,CN1C=NC2=C(N=CN=C21)N,0,setC-A,O,Cn1cnc2c(N)ncnc21
1045,C(Cl)(Cl)Cl,CN1C=CC(=NC1=O)N,0,setC-C,ClC(Cl)Cl,Cn1ccc(N)nc1=O
1046,O,CN1C=CC(=NC1=O)N,0,setC-C,O,Cn1ccc(N)nc1=O
1047,C(Cl)(Cl)Cl,CN1C=CC(=O)NC1=O,0,setC-U,ClC(Cl)Cl,Cn1ccc(=O)[nH]c1=O
1048,O,CN1C=CC(=O)NC1=O,0,setC-U,O,Cn1ccc(=O)[nH]c1=O
1049,C(Cl)(Cl)Cl,CC1=CN(C(=O)NC1=O)C,0,setC-T,ClC(Cl)Cl,Cc1cn(C)c(=O)[nH]c1=O
1050,O,CC1=CN(C(=O)NC1=O)C,0,setC-T,O,Cc1cn(C)c(=O)[nH]c1=O
1051,C(Cl)(Cl)Cl,CN1C=NC2=C1N=C(NC2=O)N,0,setC-G,ClC(Cl)Cl,Cn1cnc2c(=O)[nH]c(N)nc21
1052,O,CN1C=NC2=C1N=C(NC2=O)N,0,setC-G,O,Cn1cnc2c(=O)[nH]c(N)nc21
1053,C(Cl)(Cl)Cl,CC1=CNC2=CC=CC=C12,0,setC-W,ClC(Cl)Cl,Cc1c[nH]c2ccccc12
1054,O,CC1=CNC2=CC=CC=C12,0,setC-W,O,Cc1c[nH]c2ccccc12
1055,C(Cl)(Cl)Cl,Cc1ccccc1,0,setC-F,ClC(Cl)Cl,Cc1ccccc1
1056,O,Cc1ccccc1,0,setC-F,O,Cc1ccccc1
