index,smiles_solvent,smiles_solute,DGsolv,comment,can_smiles_solvent,can_smiles_solute,predicted
0,ClC(Cl)(Cl)C,CCN(CC)CC,0,Menschutkin_table5-5-R,CC(Cl)(Cl)Cl,CCN(CC)CC,-4.6997433
1,C1CCC(CC1)Cl,CCN(CC)CC,0,Menschutkin_table5-5-R,ClC1CCCCC1,CCN(CC)CC,-4.509381
2,C1=CC=C(C=C1)Cl,CCN(CC)CC,0,Menschutkin_table5-5-R,Clc1ccccc1,CCN(CC)CC,-4.5733047
3,CC(Cl)Cl,CCN(CC)CC,0,Menschutkin_table5-5-R,CC(Cl)Cl,CCN(CC)CC,-4.6807404
4,ClC(Cl)(Cl)C,CCN(CC)CC,0,Menschutkin_table5-5-R,CC(Cl)(Cl)Cl,CCN(CC)CC,-4.6997433
5,c1ccc(c(c1)Cl)Cl,CCN(CC)CC,0,Menschutkin_table5-5-R,Clc1ccccc1Cl,CCN(CC)CC,-4.493483
6,CC(=O)C,CCN(CC)CC,0,Menschutkin_table5-5-R,CC(C)=O,CCN(CC)CC,-4.034678
7,C1CCC(=O)CC1,CCN(CC)CC,0,Menschutkin_table5-5-R,O=C1CCCCC1,CCN(CC)CC,-4.0964065
8,C(CCl)Cl,CCN(CC)CC,0,Menschutkin_table5-5-R,ClCCCl,CCN(CC)CC,-4.4979334
9,CCC#N,CCN(CC)CC,0,Menschutkin_table5-5-R,CCC#N,CCN(CC)CC,-3.9217205
10,C1=CC=C(C=C1)C#N,CCN(CC)CC,0,Menschutkin_table5-5-R,N#Cc1ccccc1,CCN(CC)CC,-4.1528525
11,c1ccc(cc1)[N+](=O)[O-],CCN(CC)CC,0,Menschutkin_table5-5-R,O=[N+]([O-])c1ccccc1,CCN(CC)CC,-3.8914144
12,ClC(Cl)(Cl)C,CCI,0,Menschutkin_table5-5-R,CC(Cl)(Cl)Cl,CCI,-4.2554097
13,C1CCC(CC1)Cl,CCI,0,Menschutkin_table5-5-R,ClC1CCCCC1,CCI,-4.1716843
14,C1=CC=C(C=C1)Cl,CCI,0,Menschutkin_table5-5-R,Clc1ccccc1,CCI,-4.1917706
15,CC(Cl)Cl,CCI,0,Menschutkin_table5-5-R,CC(Cl)Cl,CCI,-4.2853913
16,ClC(Cl)(Cl)C,CCI,0,Menschutkin_table5-5-R,CC(Cl)(Cl)Cl,CCI,-4.25541
17,c1ccc(c(c1)Cl)Cl,CCI,0,Menschutkin_table5-5-R,Clc1ccccc1Cl,CCI,-4.1456113
18,CC(=O)C,CCI,0,Menschutkin_table5-5-R,CC(C)=O,CCI,-4.0056324
19,C1CCC(=O)CC1,CCI,0,Menschutkin_table5-5-R,O=C1CCCCC1,CCI,-4.200784
20,C(CCl)Cl,CCI,0,Menschutkin_table5-5-R,ClCCCl,CCI,-4.2196136
21,CCC#N,CCI,0,Menschutkin_table5-5-R,CCC#N,CCI,-4.006143
22,C1=CC=C(C=C1)C#N,CCI,0,Menschutkin_table5-5-R,N#Cc1ccccc1,CCI,-4.058279
23,c1ccc(cc1)[N+](=O)[O-],CCI,0,Menschutkin_table5-5-R,O=[N+]([O-])c1ccccc1,CCI,-3.93541
24,ClC(Cl)(Cl)C,CC[N+](CC)(CC)CC.[I-],0,Menschutkin_table5-5-P,CC(Cl)(Cl)Cl,CC[N+](CC)(CC)CC.[I-],-7.9210234
25,C1CCC(CC1)Cl,CC[N+](CC)(CC)CC.[I-],0,Menschutkin_table5-5-P,ClC1CCCCC1,CC[N+](CC)(CC)CC.[I-],-7.875714
26,C1=CC=C(C=C1)Cl,CC[N+](CC)(CC)CC.[I-],0,Menschutkin_table5-5-P,Clc1ccccc1,CC[N+](CC)(CC)CC.[I-],-7.8224497
27,CC(Cl)Cl,CC[N+](CC)(CC)CC.[I-],0,Menschutkin_table5-5-P,CC(Cl)Cl,CC[N+](CC)(CC)CC.[I-],-7.5616426
28,ClC(Cl)(Cl)C,CC[N+](CC)(CC)CC.[I-],0,Menschutkin_table5-5-P,CC(Cl)(Cl)Cl,CC[N+](CC)(CC)CC.[I-],-7.921024
29,c1ccc(c(c1)Cl)Cl,CC[N+](CC)(CC)CC.[I-],0,Menschutkin_table5-5-P,Clc1ccccc1Cl,CC[N+](CC)(CC)CC.[I-],-7.718919
30,CC(=O)C,CC[N+](CC)(CC)CC.[I-],0,Menschutkin_table5-5-P,CC(C)=O,CC[N+](CC)(CC)CC.[I-],-6.595213
31,C1CCC(=O)CC1,CC[N+](CC)(CC)CC.[I-],0,Menschutkin_table5-5-P,O=C1CCCCC1,CC[N+](CC)(CC)CC.[I-],-7.138381
32,C(CCl)Cl,CC[N+](CC)(CC)CC.[I-],0,Menschutkin_table5-5-P,ClCCCl,CC[N+](CC)(CC)CC.[I-],-7.0706606
33,CCC#N,CC[N+](CC)(CC)CC.[I-],0,Menschutkin_table5-5-P,CCC#N,CC[N+](CC)(CC)CC.[I-],-6.311516
34,C1=CC=C(C=C1)C#N,CC[N+](CC)(CC)CC.[I-],0,Menschutkin_table5-5-P,N#Cc1ccccc1,CC[N+](CC)(CC)CC.[I-],-7.0161133
35,c1ccc(cc1)[N+](=O)[O-],CC[N+](CC)(CC)CC.[I-],0,Menschutkin_table5-5-P,O=[N+]([O-])c1ccccc1,CC[N+](CC)(CC)CC.[I-],-6.606083
36,CCCCCCC,O=COOC(C)(C)C,0,t-butylperoxy-Fig11-R,CCCCCCC,CC(C)(C)OOC=O,-4.726165
37,C(Cl)(Cl)(Cl)Cl,O=COOC(C)(C)C,0,t-butylperoxy-Fig11-R,ClC(Cl)(Cl)Cl,CC(C)(C)OOC=O,-5.451884
38,c1ccccc1,O=COOC(C)(C)C,0,t-butylperoxy-Fig11-R,c1ccccc1,CC(C)(C)OOC=O,-6.1324716
39,C(Cl)(Cl)Cl,O=COOC(C)(C)C,0,t-butylperoxy-Fig11-R,ClC(Cl)Cl,CC(C)(C)OOC=O,-6.6758356
40,C[N+](=O)[O-],O=COOC(C)(C)C,0,t-butylperoxy-Fig11-R,C[N+](=O)[O-],CC(C)(C)OOC=O,-6.21981
41,c1ccc(cc1)[N+](=O)[O-],O=COOC(C)(C)C,0,t-butylperoxy-Fig11-R,O=[N+]([O-])c1ccccc1,CC(C)(C)OOC=O,-6.0637884
42,CCCCCCC,CC(C)(C)O,0,t-butylperoxy-Fig11-P,CCCCCCC,CC(C)(C)O,-3.1865153
43,C(Cl)(Cl)(Cl)Cl,CC(C)(C)O,0,t-butylperoxy-Fig11-P,ClC(Cl)(Cl)Cl,CC(C)(C)O,-3.5231533
44,c1ccccc1,CC(C)(C)O,0,t-butylperoxy-Fig11-P,c1ccccc1,CC(C)(C)O,-3.8235722
45,C(Cl)(Cl)Cl,CC(C)(C)O,0,t-butylperoxy-Fig11-P,ClC(Cl)Cl,CC(C)(C)O,-4.3664417
46,C[N+](=O)[O-],CC(C)(C)O,0,t-butylperoxy-Fig11-P,C[N+](=O)[O-],CC(C)(C)O,-4.2327213
47,c1ccc(cc1)[N+](=O)[O-],CC(C)(C)O,0,t-butylperoxy-Fig11-P,O=[N+]([O-])c1ccccc1,CC(C)(C)O,-4.221263
48,CCCCCCC,O=C=O,0,t-butylperoxy-Fig11-P,CCCCCCC,O=C=O,-0.3786025
49,C(Cl)(Cl)(Cl)Cl,O=C=O,0,t-butylperoxy-Fig11-P,ClC(Cl)(Cl)Cl,O=C=O,-0.495156
50,c1ccccc1,O=C=O,0,t-butylperoxy-Fig11-P,c1ccccc1,O=C=O,-0.5980693
51,C(Cl)(Cl)Cl,O=C=O,0,t-butylperoxy-Fig11-P,ClC(Cl)Cl,O=C=O,-0.6504656
52,C[N+](=O)[O-],O=C=O,0,t-butylperoxy-Fig11-P,C[N+](=O)[O-],O=C=O,-0.77054805
53,c1ccc(cc1)[N+](=O)[O-],O=C=O,0,t-butylperoxy-Fig11-P,O=[N+]([O-])c1ccccc1,O=C=O,-0.5587364
54,CCO,C1C=CC=C1,0,Cp-DielsAlder-table5-1-R,CCO,C1=CCC=C1,-3.2419322
55,c1ccc(cc1)[N+](=O)[O-],C1C=CC=C1,0,Cp-DielsAlder-table5-1-R,O=[N+]([O-])c1ccccc1,C1=CCC=C1,-3.300056
56,S=C=S,C1C=CC=C1,0,Cp-DielsAlder-table5-1-R,S=C=S,C1=CCC=C1,-3.7861664
57,C(Cl)(Cl)(Cl)Cl,C1C=CC=C1,0,Cp-DielsAlder-table5-1-R,ClC(Cl)(Cl)Cl,C1=CCC=C1,-3.5658355
58,c1ccccc1,C1C=CC=C1,0,Cp-DielsAlder-table5-1-R,c1ccccc1,C1=CCC=C1,-3.7705874
59,CCO,C1C=CC2C1C3CC2C=C3,0,Cp-DielsAlder-table5-1-P,CCO,C1=CC2C3C=CC(C3)C2C1,-5.925661
60,c1ccc(cc1)[N+](=O)[O-],C1C=CC2C1C3CC2C=C3,0,Cp-DielsAlder-table5-1-P,O=[N+]([O-])c1ccccc1,C1=CC2C3C=CC(C3)C2C1,-6.1829753
61,S=C=S,C1C=CC2C1C3CC2C=C3,0,Cp-DielsAlder-table5-1-P,S=C=S,C1=CC2C3C=CC(C3)C2C1,-7.012784
62,C(Cl)(Cl)(Cl)Cl,C1C=CC2C1C3CC2C=C3,0,Cp-DielsAlder-table5-1-P,ClC(Cl)(Cl)Cl,C1=CC2C3C=CC(C3)C2C1,-6.7445626
63,c1ccccc1,C1C=CC2C1C3CC2C=C3,0,Cp-DielsAlder-table5-1-P,c1ccccc1,C1=CC2C3C=CC(C3)C2C1,-6.9430857
64,CCO,CC(C)(C)Cl,0,5-13-R,CCO,CC(C)(C)Cl,-3.0674808
65,CO,CC(C)(C)Cl,0,5-13-R,CO,CC(C)(C)Cl,-2.9361057
66,C(=O)N,CC(C)(C)Cl,0,5-13-R,NC=O,CC(C)(C)Cl,-1.6439493
67,O=CO,CC(C)(C)Cl,0,5-13-R,O=CO,CC(C)(C)Cl,-1.8238577
68,O,CC(C)(C)Cl,0,5-13-R,O,CC(C)(C)Cl,1.0385761
69,CCO,C[C+](C)(C).[Cl-],0,5-13-P,CCO,C[C+](C)C.[Cl-],-3.1883702
70,CO,C[C+](C)(C).[Cl-],0,5-13-P,CO,C[C+](C)C.[Cl-],-2.9134922
71,C(=O)N,C[C+](C)(C).[Cl-],0,5-13-P,NC=O,C[C+](C)C.[Cl-],-0.97669303
72,O=CO,C[C+](C)(C).[Cl-],0,5-13-P,O=CO,C[C+](C)C.[Cl-],-1.510479
73,O,C[C+](C)(C).[Cl-],0,5-13-P,O,C[C+](C)C.[Cl-],1.3850409
74,Clc1ccccc1,CC2(C)C1CCC(C1)C2(C)Cl,0,5-14-R,Clc1ccccc1,CC1(C)C2CCC(C2)C1(C)Cl,-7.238349
75,c1ccc(cc1)[N+](=O)[O-],CC2(C)C1CCC(C1)C2(C)Cl,0,5-14-R,O=[N+]([O-])c1ccccc1,CC1(C)C2CCC(C2)C1(C)Cl,-6.535188
76,CC#N,CC2(C)C1CCC(C1)C2(C)Cl,0,5-14-R,CC#N,CC1(C)C2CCC(C2)C1(C)Cl,-5.829948
77,C[N+](=O)[O-],CC2(C)C1CCC(C1)C2(C)Cl,0,5-14-R,C[N+](=O)[O-],CC1(C)C2CCC(C2)C1(C)Cl,-5.633396
78,Clc1ccccc1,CC1(C)C2CCC1(C)C(Cl)C2,0,5-14-P,Clc1ccccc1,CC1(C)C2CCC1(C)C(Cl)C2,-7.1631427
79,c1ccc(cc1)[N+](=O)[O-],CC1(C)C2CCC1(C)C(Cl)C2,0,5-14-P,O=[N+]([O-])c1ccccc1,CC1(C)C2CCC1(C)C(Cl)C2,-6.5147524
80,CC#N,CC1(C)C2CCC1(C)C(Cl)C2,0,5-14-P,CC#N,CC1(C)C2CCC1(C)C(Cl)C2,-5.7819376
81,C[N+](=O)[O-],CC1(C)C2CCC1(C)C(Cl)C2,0,5-14-P,C[N+](=O)[O-],CC1(C)C2CCC1(C)C(Cl)C2,-5.562159
82,ClC(Cl)(Cl)Cl,BrBr,0,5-29-R,ClC(Cl)(Cl)Cl,BrBr,-3.6071448
83,C1COCCO1,BrBr,0,5-29-R,C1COCCO1,BrBr,-4.4399047
84,CC(=O)O,BrBr,0,5-29-R,CC(=O)O,BrBr,-3.7635603
85,CO,BrBr,0,5-29-R,CO,BrBr,-3.9863298
86,O,BrBr,0,5-29-R,O,BrBr,-2.18758
87,ClC(Cl)(Cl)Cl,C=CCCC,0,5-29-R,ClC(Cl)(Cl)Cl,C=CCCC,-3.1812346
88,C1COCCO1,C=CCCC,0,5-29-R,C1COCCO1,C=CCCC,-2.7360594
89,CC(=O)O,C=CCCC,0,5-29-R,CC(=O)O,C=CCCC,-2.4157412
90,CO,C=CCCC,0,5-29-R,CO,C=CCCC,-2.2907574
91,O,C=CCCC,0,5-29-R,O,C=CCCC,1.6663963
92,ClC(Cl)(Cl)Cl,BrCC(Br)CCC,0,5-29-P,ClC(Cl)(Cl)Cl,CCCC(Br)CBr,-6.895248
93,C1COCCO1,BrCC(Br)CCC,0,5-29-P,C1COCCO1,CCCC(Br)CBr,-7.213178
94,CC(=O)O,BrCC(Br)CCC,0,5-29-P,CC(=O)O,CCCC(Br)CBr,-6.1066585
95,CO,BrCC(Br)CCC,0,5-29-P,CO,CCCC(Br)CBr,-6.360204
96,O,BrCC(Br)CCC,0,5-29-P,O,CCCC(Br)CBr,-1.4905089
97,C1CCCCC1,O=[N+]([O-])C1=CC=C(Cl)C([N+]([O-])=O)=C1,0,5-26-R,C1CCCCC1,O=[N+]([O-])c1ccc(Cl)c([N+](=O)[O-])c1,-8.929448
98,c1ccccc1,O=[N+]([O-])C1=CC=C(Cl)C([N+]([O-])=O)=C1,0,5-26-R,c1ccccc1,O=[N+]([O-])c1ccc(Cl)c([N+](=O)[O-])c1,-10.944515
99,Clc1ccccc1,O=[N+]([O-])C1=CC=C(Cl)C([N+]([O-])=O)=C1,0,5-26-R,Clc1ccccc1,O=[N+]([O-])c1ccc(Cl)c([N+](=O)[O-])c1,-10.718047
100,CC(=O)C,O=[N+]([O-])C1=CC=C(Cl)C([N+]([O-])=O)=C1,0,5-26-R,CC(C)=O,O=[N+]([O-])c1ccc(Cl)c([N+](=O)[O-])c1,-12.024019
101,CN(C)C=O,O=[N+]([O-])C1=CC=C(Cl)C([N+]([O-])=O)=C1,0,5-26-R,CN(C)C=O,O=[N+]([O-])c1ccc(Cl)c([N+](=O)[O-])c1,-11.991884
102,CS(=O)C,O=[N+]([O-])C1=CC=C(Cl)C([N+]([O-])=O)=C1,0,5-26-R,CS(C)=O,O=[N+]([O-])c1ccc(Cl)c([N+](=O)[O-])c1,-11.826035
103,C1CCCCC1,C1CCNCC1,0,5-26-R,C1CCCCC1,C1CCNCC1,-4.559102
104,c1ccccc1,C1CCNCC1,0,5-26-R,c1ccccc1,C1CCNCC1,-4.9770007
105,Clc1ccccc1,C1CCNCC1,0,5-26-R,Clc1ccccc1,C1CCNCC1,-5.013584
106,CC(=O)C,C1CCNCC1,0,5-26-R,CC(C)=O,C1CCNCC1,-4.6687717
107,CN(C)C=O,C1CCNCC1,0,5-26-R,CN(C)C=O,C1CCNCC1,-4.4480295
108,CS(=O)C,C1CCNCC1,0,5-26-R,CS(C)=O,C1CCNCC1,-4.038692
109,C1CCCCC1,O=[N+]([O-])C1=C[CH-]C(Cl)([NH+]2CCCCC2)C([N+]([O-])=O)=C1,0,5-26-IM,C1CCCCC1,O=[N+]([O-])C1=C[CH-]C(Cl)([NH+]2CCCCC2)C([N+](=O)[O-])=C1,-13.530756
110,c1ccccc1,O=[N+]([O-])C1=C[CH-]C(Cl)([NH+]2CCCCC2)C([N+]([O-])=O)=C1,0,5-26-IM,c1ccccc1,O=[N+]([O-])C1=C[CH-]C(Cl)([NH+]2CCCCC2)C([N+](=O)[O-])=C1,-15.956471
111,Clc1ccccc1,O=[N+]([O-])C1=C[CH-]C(Cl)([NH+]2CCCCC2)C([N+]([O-])=O)=C1,0,5-26-IM,Clc1ccccc1,O=[N+]([O-])C1=C[CH-]C(Cl)([NH+]2CCCCC2)C([N+](=O)[O-])=C1,-15.713596
112,CC(=O)C,O=[N+]([O-])C1=C[CH-]C(Cl)([NH+]2CCCCC2)C([N+]([O-])=O)=C1,0,5-26-IM,CC(C)=O,O=[N+]([O-])C1=C[CH-]C(Cl)([NH+]2CCCCC2)C([N+](=O)[O-])=C1,-17.113222
113,CN(C)C=O,O=[N+]([O-])C1=C[CH-]C(Cl)([NH+]2CCCCC2)C([N+]([O-])=O)=C1,0,5-26-IM,CN(C)C=O,O=[N+]([O-])C1=C[CH-]C(Cl)([NH+]2CCCCC2)C([N+](=O)[O-])=C1,-17.188547
114,CS(=O)C,O=[N+]([O-])C1=C[CH-]C(Cl)([NH+]2CCCCC2)C([N+]([O-])=O)=C1,0,5-26-IM,CS(C)=O,O=[N+]([O-])C1=C[CH-]C(Cl)([NH+]2CCCCC2)C([N+](=O)[O-])=C1,-16.865772
115,C1CCCCC1,O=[N+]([O-])C1=CC=C(N2CCCCC2)C([N+]([O-])=O)=C1,0,5-26-P,C1CCCCC1,O=[N+]([O-])c1ccc(N2CCCCC2)c([N+](=O)[O-])c1,-12.2274885
116,c1ccccc1,O=[N+]([O-])C1=CC=C(N2CCCCC2)C([N+]([O-])=O)=C1,0,5-26-P,c1ccccc1,O=[N+]([O-])c1ccc(N2CCCCC2)c([N+](=O)[O-])c1,-14.57784
117,Clc1ccccc1,O=[N+]([O-])C1=CC=C(N2CCCCC2)C([N+]([O-])=O)=C1,0,5-26-P,Clc1ccccc1,O=[N+]([O-])c1ccc(N2CCCCC2)c([N+](=O)[O-])c1,-14.360795
118,CC(=O)C,O=[N+]([O-])C1=CC=C(N2CCCCC2)C([N+]([O-])=O)=C1,0,5-26-P,CC(C)=O,O=[N+]([O-])c1ccc(N2CCCCC2)c([N+](=O)[O-])c1,-14.841927
119,CN(C)C=O,O=[N+]([O-])C1=CC=C(N2CCCCC2)C([N+]([O-])=O)=C1,0,5-26-P,CN(C)C=O,O=[N+]([O-])c1ccc(N2CCCCC2)c([N+](=O)[O-])c1,-14.716782
120,CS(=O)C,O=[N+]([O-])C1=CC=C(N2CCCCC2)C([N+]([O-])=O)=C1,0,5-26-P,CS(C)=O,O=[N+]([O-])c1ccc(N2CCCCC2)c([N+](=O)[O-])c1,-14.133075
121,C1CCCCC1,Cl,0,5-26-P,C1CCCCC1,Cl,-1.1232076
122,c1ccccc1,Cl,0,5-26-P,c1ccccc1,Cl,-1.5483661
123,Clc1ccccc1,Cl,0,5-26-P,Clc1ccccc1,Cl,-1.375648
124,CC(=O)C,Cl,0,5-26-P,CC(C)=O,Cl,-1.6635033
125,CN(C)C=O,Cl,0,5-26-P,CN(C)C=O,Cl,-1.5621977
126,CS(=O)C,Cl,0,5-26-P,CS(C)=O,Cl,-1.4242696
127,ClC(Cl)(Cl)Cl,O=[N+]([O-])C1=CC=C(SCl)C([N+]([O-])=O)=C1,0,5-30-R,ClC(Cl)(Cl)Cl,O=[N+]([O-])c1ccc(SCl)c([N+](=O)[O-])c1,-11.269461
128,ClC(Cl)Cl,O=[N+]([O-])C1=CC=C(SCl)C([N+]([O-])=O)=C1,0,5-30-R,ClC(Cl)Cl,O=[N+]([O-])c1ccc(SCl)c([N+](=O)[O-])c1,-12.84334
129,CC(=O)O,O=[N+]([O-])C1=CC=C(SCl)C([N+]([O-])=O)=C1,0,5-30-R,CC(=O)O,O=[N+]([O-])c1ccc(SCl)c([N+](=O)[O-])c1,-12.46634
130,ClCCCl,O=[N+]([O-])C1=CC=C(SCl)C([N+]([O-])=O)=C1,0,5-30-R,ClCCCl,O=[N+]([O-])c1ccc(SCl)c([N+](=O)[O-])c1,-13.046961
131,c1ccc(cc1)[N+](=O)[O-],O=[N+]([O-])C1=CC=C(SCl)C([N+]([O-])=O)=C1,0,5-30-R,O=[N+]([O-])c1ccccc1,O=[N+]([O-])c1ccc(SCl)c([N+](=O)[O-])c1,-12.94936
132,ClC(Cl)(Cl)Cl,CC(C)=C(C)C,0,5-30-R,ClC(Cl)(Cl)Cl,CC(C)=C(C)C,-4.226379
133,ClC(Cl)Cl,CC(C)=C(C)C,0,5-30-R,ClC(Cl)Cl,CC(C)=C(C)C,-4.3842926
134,CC(=O)O,CC(C)=C(C)C,0,5-30-R,CC(=O)O,CC(C)=C(C)C,-3.001983
135,ClCCCl,CC(C)=C(C)C,0,5-30-R,ClCCCl,CC(C)=C(C)C,-3.9263673
136,c1ccc(cc1)[N+](=O)[O-],CC(C)=C(C)C,0,5-30-R,O=[N+]([O-])c1ccccc1,CC(C)=C(C)C,-3.323965
137,ClC(Cl)(Cl)Cl,O=[N+]([O-])C1=CC=C(SC(C)(C)C(C)(Cl)C)C([N+]([O-])=O)=C1,0,5-30-P,ClC(Cl)(Cl)Cl,CC(C)(Cl)C(C)(C)Sc1ccc([N+](=O)[O-])cc1[N+](=O)[O-],-14.078887
138,ClC(Cl)Cl,O=[N+]([O-])C1=CC=C(SC(C)(C)C(C)(Cl)C)C([N+]([O-])=O)=C1,0,5-30-P,ClC(Cl)Cl,CC(C)(Cl)C(C)(C)Sc1ccc([N+](=O)[O-])cc1[N+](=O)[O-],-15.361203
139,CC(=O)O,O=[N+]([O-])C1=CC=C(SC(C)(C)C(C)(Cl)C)C([N+]([O-])=O)=C1,0,5-30-P,CC(=O)O,CC(C)(Cl)C(C)(C)Sc1ccc([N+](=O)[O-])cc1[N+](=O)[O-],-13.29412
140,ClCCCl,O=[N+]([O-])C1=CC=C(SC(C)(C)C(C)(Cl)C)C([N+]([O-])=O)=C1,0,5-30-P,ClCCCl,CC(C)(Cl)C(C)(C)Sc1ccc([N+](=O)[O-])cc1[N+](=O)[O-],-15.371475
141,c1ccc(cc1)[N+](=O)[O-],O=[N+]([O-])C1=CC=C(SC(C)(C)C(C)(Cl)C)C([N+]([O-])=O)=C1,0,5-30-P,O=[N+]([O-])c1ccccc1,CC(C)(Cl)C(C)(C)Sc1ccc([N+](=O)[O-])cc1[N+](=O)[O-],-15.05371
142,CCOCC,O=C(OO)C1=CC=CC=C1,0,5-31-R,CCOCC,O=C(OO)c1ccccc1,-9.669233
143,C1COCCO1,O=C(OO)C1=CC=CC=C1,0,5-31-R,C1COCCO1,O=C(OO)c1ccccc1,-10.193485
144,CCCCCC,O=C(OO)C1=CC=CC=C1,0,5-31-R,CCCCCC,O=C(OO)c1ccccc1,-6.984109
145,c1ccccc1,O=C(OO)C1=CC=CC=C1,0,5-31-R,c1ccccc1,O=C(OO)c1ccccc1,-8.73394
146,C(Cl)Cl,O=C(OO)C1=CC=CC=C1,0,5-31-R,ClCCl,O=C(OO)c1ccccc1,-9.510861
147,C(Cl)(Cl)Cl,O=C(OO)C1=CC=CC=C1,0,5-31-R,ClC(Cl)Cl,O=C(OO)c1ccccc1,-9.113143
148,CCOCC,C1=CCCCC1,0,5-31-R,CCOCC,C1=CCCCC1,-4.2717557
149,C1COCCO1,C1=CCCCC1,0,5-31-R,C1COCCO1,C1=CCCCC1,-4.0004067
150,CCCCCC,C1=CCCCC1,0,5-31-R,CCCCCC,C1=CCCCC1,-4.1751547
151,c1ccccc1,C1=CCCCC1,0,5-31-R,c1ccccc1,C1=CCCCC1,-4.2396417
152,C(Cl)Cl,C1=CCCCC1,0,5-31-R,ClCCl,C1=CCCCC1,-4.4094915
153,C(Cl)(Cl)Cl,C1=CCCCC1,0,5-31-R,ClC(Cl)Cl,C1=CCCCC1,-4.554432
154,CCOCC,O=C(O)C1=CC=CC=C1,0,5-31-P,CCOCC,O=C(O)c1ccccc1,-9.5220585
155,C1COCCO1,O=C(O)C1=CC=CC=C1,0,5-31-P,C1COCCO1,O=C(O)c1ccccc1,-9.831908
156,CCCCCC,O=C(O)C1=CC=CC=C1,0,5-31-P,CCCCCC,O=C(O)c1ccccc1,-6.0831494
157,c1ccccc1,O=C(O)C1=CC=CC=C1,0,5-31-P,c1ccccc1,O=C(O)c1ccccc1,-7.8145194
158,C(Cl)Cl,O=C(O)C1=CC=CC=C1,0,5-31-P,ClCCl,O=C(O)c1ccccc1,-8.358566
159,C(Cl)(Cl)Cl,O=C(O)C1=CC=CC=C1,0,5-31-P,ClC(Cl)Cl,O=C(O)c1ccccc1,-8.026798
160,CCOCC,C12CCCCC1O2,0,5-31-P,CCOCC,C1CCC2OC2C1,-5.2144256
161,C1COCCO1,C12CCCCC1O2,0,5-31-P,C1COCCO1,C1CCC2OC2C1,-5.278154
162,CCCCCC,C12CCCCC1O2,0,5-31-P,CCCCCC,C1CCC2OC2C1,-4.6559453
163,c1ccccc1,C12CCCCC1O2,0,5-31-P,c1ccccc1,C1CCC2OC2C1,-5.5599256
164,C(Cl)Cl,C12CCCCC1O2,0,5-31-P,ClCCl,C1CCC2OC2C1,-6.0359263
165,C(Cl)(Cl)Cl,C12CCCCC1O2,0,5-31-P,ClC(Cl)Cl,C1CCC2OC2C1,-6.2158837
166,C1CCCCC1,C1CCNCC1,0,5-32-R,C1CCCCC1,C1CCNCC1,-4.559102
167,CCOCC,C1CCNCC1,0,5-32-R,CCOCC,C1CCNCC1,-4.8549037
168,c1ccccc1,C1CCNCC1,0,5-32-R,c1ccccc1,C1CCNCC1,-4.9770007
169,CO,C1CCNCC1,0,5-32-R,CO,C1CCNCC1,-6.4470954
170,C1COCCO1,C1CCNCC1,0,5-32-R,C1COCCO1,C1CCNCC1,-4.919297
171,CC#N,C1CCNCC1,0,5-32-R,CC#N,C1CCNCC1,-4.4615865
172,C1CCCCC1,C#CC(=O)OC,0,5-32-R,C1CCCCC1,C#CC(=O)OC,-3.3345394
173,CCOCC,C#CC(=O)OC,0,5-32-R,CCOCC,C#CC(=O)OC,-4.2689295
174,c1ccccc1,C#CC(=O)OC,0,5-32-R,c1ccccc1,C#CC(=O)OC,-4.5020666
175,CO,C#CC(=O)OC,0,5-32-R,CO,C#CC(=O)OC,-4.2624187
176,C1COCCO1,C#CC(=O)OC,0,5-32-R,C1COCCO1,C#CC(=O)OC,-4.770832
177,CC#N,C#CC(=O)OC,0,5-32-R,CC#N,C#CC(=O)OC,-4.76133
178,C1CCCCC1,O=C(OC)/C=C\N1CCCCC1,0,5-32-P,C1CCCCC1,COC(=O)/C=C\N1CCCCC1,-8.153502
179,CCOCC,O=C(OC)/C=C\N1CCCCC1,0,5-32-P,CCOCC,COC(=O)/C=C\N1CCCCC1,-8.951228
180,c1ccccc1,O=C(OC)/C=C\N1CCCCC1,0,5-32-P,c1ccccc1,COC(=O)/C=C\N1CCCCC1,-9.373984
181,CO,O=C(OC)/C=C\N1CCCCC1,0,5-32-P,CO,COC(=O)/C=C\N1CCCCC1,-8.849391
182,C1COCCO1,O=C(OC)/C=C\N1CCCCC1,0,5-32-P,C1COCCO1,COC(=O)/C=C\N1CCCCC1,-9.2126255
183,CC#N,O=C(OC)/C=C\N1CCCCC1,0,5-32-P,CC#N,COC(=O)/C=C\N1CCCCC1,-8.7423115
184,C1CCCCC1,O=C=C(C1=CC=CC=C1)C2=CC=CC=C2,0,5-34-R,C1CCCCC1,O=C=C(c1ccccc1)c1ccccc1,-10.25196
185,Clc1ccccc1,O=C=C(C1=CC=CC=C1)C2=CC=CC=C2,0,5-34-R,Clc1ccccc1,O=C=C(c1ccccc1)c1ccccc1,-11.652938
186,CC(=O)C,O=C=C(C1=CC=CC=C1)C2=CC=CC=C2,0,5-34-R,CC(C)=O,O=C=C(c1ccccc1)c1ccccc1,-11.639152
187,N#Cc1ccccc1,O=C=C(C1=CC=CC=C1)C2=CC=CC=C2,0,5-34-R,N#Cc1ccccc1,O=C=C(c1ccccc1)c1ccccc1,-11.579258
188,CC#N,O=C=C(C1=CC=CC=C1)C2=CC=CC=C2,0,5-34-R,CC#N,O=C=C(c1ccccc1)c1ccccc1,-10.919982
189,C1CCCCC1,C=COCCCC,0,5-34-R,C1CCCCC1,C=COCCCC,-4.406127
190,Clc1ccccc1,C=COCCCC,0,5-34-R,Clc1ccccc1,C=COCCCC,-4.8196917
191,CC(=O)C,C=COCCCC,0,5-34-R,CC(C)=O,C=COCCCC,-4.287238
192,N#Cc1ccccc1,C=COCCCC,0,5-34-R,N#Cc1ccccc1,C=COCCCC,-4.478131
193,CC#N,C=COCCCC,0,5-34-R,CC#N,C=COCCCC,-3.9843946
194,C1CCCCC1,O=C1CC(OCCCC)C1(C2=CC=CC=C2)C3=CC=CC=C3,0,5-34-P,C1CCCCC1,CCCCOC1CC(=O)C1(c1ccccc1)c1ccccc1,-14.052665
195,Clc1ccccc1,O=C1CC(OCCCC)C1(C2=CC=CC=C2)C3=CC=CC=C3,0,5-34-P,Clc1ccccc1,CCCCOC1CC(=O)C1(c1ccccc1)c1ccccc1,-15.348035
196,CC(=O)C,O=C1CC(OCCCC)C1(C2=CC=CC=C2)C3=CC=CC=C3,0,5-34-P,CC(C)=O,CCCCOC1CC(=O)C1(c1ccccc1)c1ccccc1,-14.767515
197,N#Cc1ccccc1,O=C1CC(OCCCC)C1(C2=CC=CC=C2)C3=CC=CC=C3,0,5-34-P,N#Cc1ccccc1,CCCCOC1CC(=O)C1(c1ccccc1)c1ccccc1,-14.947873
198,CC#N,O=C1CC(OCCCC)C1(C2=CC=CC=C2)C3=CC=CC=C3,0,5-34-P,CC#N,CCCCOC1CC(=O)C1(c1ccccc1)c1ccccc1,-13.964687
199,C12CCCCC1CCCC2,O=C1C(C(C)(C)C)C(C2=CC=CC=C2)O1,0,5-36-R,C1CCC2CCCCC2C1,CC(C)(C)C1C(=O)OC1c1ccccc1,-9.4866705
200,COC1=CC=CC=C1,O=C1C(C(C)(C)C)C(C2=CC=CC=C2)O1,0,5-36-R,COc1ccccc1,CC(C)(C)C1C(=O)OC1c1ccccc1,-10.981512
201,C1=CC=CC=N1,O=C1C(C(C)(C)C)C(C2=CC=CC=C2)O1,0,5-36-R,c1ccncc1,CC(C)(C)C1C(=O)OC1c1ccccc1,-11.117203
202,CC1COC(O1)=O,O=C1C(C(C)(C)C)C(C2=CC=CC=C2)O1,0,5-36-R,CC1COC(=O)O1,CC(C)(C)C1C(=O)OC1c1ccccc1,-10.113962
203,O=CNc1ccccc1,O=C1C(C(C)(C)C)C(C2=CC=CC=C2)O1,0,5-36-R,O=CNc1ccccc1,CC(C)(C)C1C(=O)OC1c1ccccc1,-10.339444
204,C12CCCCC1CCCC2,O=C([O-])C([CH+]C1=CC=CC=C1)C(C)(C)C,0,5-36-IM,C1CCC2CCCCC2C1,CC(C)(C)C([CH+]c1ccccc1)C(=O)[O-],-9.353711
205,COC1=CC=CC=C1,O=C([O-])C([CH+]C1=CC=CC=C1)C(C)(C)C,0,5-36-IM,COc1ccccc1,CC(C)(C)C([CH+]c1ccccc1)C(=O)[O-],-10.8084
206,C1=CC=CC=N1,O=C([O-])C([CH+]C1=CC=CC=C1)C(C)(C)C,0,5-36-IM,c1ccncc1,CC(C)(C)C([CH+]c1ccccc1)C(=O)[O-],-11.035119
207,CC1COC(O1)=O,O=C([O-])C([CH+]C1=CC=CC=C1)C(C)(C)C,0,5-36-IM,CC1COC(=O)O1,CC(C)(C)C([CH+]c1ccccc1)C(=O)[O-],-9.946855
208,O=CNc1ccccc1,O=C([O-])C([CH+]C1=CC=CC=C1)C(C)(C)C,0,5-36-IM,O=CNc1ccccc1,CC(C)(C)C([CH+]c1ccccc1)C(=O)[O-],-10.318211
209,C12CCCCC1CCCC2,CC(C)(C)/C=C\C1=CC=CC=C1,0,5-36-P,C1CCC2CCCCC2C1,CC(C)(C)/C=C\c1ccccc1,-7.7404976
210,COC1=CC=CC=C1,CC(C)(C)/C=C\C1=CC=CC=C1,0,5-36-P,COc1ccccc1,CC(C)(C)/C=C\c1ccccc1,-8.13982
211,C1=CC=CC=N1,CC(C)(C)/C=C\C1=CC=CC=C1,0,5-36-P,c1ccncc1,CC(C)(C)/C=C\c1ccccc1,-8.126167
212,CC1COC(O1)=O,CC(C)(C)/C=C\C1=CC=CC=C1,0,5-36-P,CC1COC(=O)O1,CC(C)(C)/C=C\c1ccccc1,-6.9092884
213,O=CNc1ccccc1,CC(C)(C)/C=C\C1=CC=CC=C1,0,5-36-P,O=CNc1ccccc1,CC(C)(C)/C=C\c1ccccc1,-7.6370792
214,O(C(C)C)C(C)C,C=C(C)C=C,0,5-42-R,CC(C)OC(C)C,C=CC(=C)C,-3.2598634
215,c1ccccc1,C=C(C)C=C,0,5-42-R,c1ccccc1,C=CC(=C)C,-3.2660952
216,Clc1ccccc1,C=C(C)C=C,0,5-42-R,Clc1ccccc1,C=CC(=C)C,-3.2239745
217,C[N+](=O)[O-],C=C(C)C=C,0,5-42-R,C[N+](=O)[O-],C=CC(=C)C,-2.6318746
218,c1ccc(cc1)[N+](=O)[O-],C=C(C)C=C,0,5-42-R,O=[N+]([O-])c1ccccc1,C=CC(=C)C,-2.7779186
219,Clc1ccccc1Cl,C=C(C)C=C,0,5-42-R,Clc1ccccc1Cl,C=CC(=C)C,-3.1025493
220,O(C(C)C)C(C)C,O=C(C=C1)OC1=O,0,5-42-R,CC(C)OC(C)C,O=C1C=CC(=O)O1,-6.387838
221,c1ccccc1,O=C(C=C1)OC1=O,0,5-42-R,c1ccccc1,O=C1C=CC(=O)O1,-6.6688128
222,Clc1ccccc1,O=C(C=C1)OC1=O,0,5-42-R,Clc1ccccc1,O=C1C=CC(=O)O1,-6.506075
223,C[N+](=O)[O-],O=C(C=C1)OC1=O,0,5-42-R,C[N+](=O)[O-],O=C1C=CC(=O)O1,-7.8298936
224,c1ccc(cc1)[N+](=O)[O-],O=C(C=C1)OC1=O,0,5-42-R,O=[N+]([O-])c1ccccc1,O=C1C=CC(=O)O1,-7.3050137
225,Clc1ccccc1Cl,O=C(C=C1)OC1=O,0,5-42-R,Clc1ccccc1Cl,O=C1C=CC(=O)O1,-6.3970156
226,O(C(C)C)C(C)C,CC(C1)=CCC(C(O2)=O)C1C2=O,0,5-42-P,CC(C)OC(C)C,CC1=CCC2C(=O)OC(=O)C2C1,-9.934673
227,c1ccccc1,CC(C1)=CCC(C(O2)=O)C1C2=O,0,5-42-P,c1ccccc1,CC1=CCC2C(=O)OC(=O)C2C1,-10.560132
228,Clc1ccccc1,CC(C1)=CCC(C(O2)=O)C1C2=O,0,5-42-P,Clc1ccccc1,CC1=CCC2C(=O)OC(=O)C2C1,-10.251546
229,C[N+](=O)[O-],CC(C1)=CCC(C(O2)=O)C1C2=O,0,5-42-P,C[N+](=O)[O-],CC1=CCC2C(=O)OC(=O)C2C1,-10.981303
230,c1ccc(cc1)[N+](=O)[O-],CC(C1)=CCC(C(O2)=O)C1C2=O,0,5-42-P,O=[N+]([O-])c1ccccc1,CC1=CCC2C(=O)OC(=O)C2C1,-10.592673
231,Clc1ccccc1Cl,CC(C1)=CCC(C(O2)=O)C1C2=O,0,5-42-P,Clc1ccccc1Cl,CC1=CCC2C(=O)OC(=O)C2C1,-10.252901
232,Cc1ccccc1,C/[N+]([O-])=C/C1=CC=CC=C1,0,5-44-R,Cc1ccccc1,C/[N+]([O-])=C/c1ccccc1,-7.9920406
233,C1COCCO1,C/[N+]([O-])=C/C1=CC=CC=C1,0,5-44-R,C1COCCO1,C/[N+]([O-])=C/c1ccccc1,-8.390288
234,CC(=O)C,C/[N+]([O-])=C/C1=CC=CC=C1,0,5-44-R,CC(C)=O,C/[N+]([O-])=C/c1ccccc1,-8.290566
235,C[N+](=O)[O-],C/[N+]([O-])=C/C1=CC=CC=C1,0,5-44-R,C[N+](=O)[O-],C/[N+]([O-])=C/c1ccccc1,-7.977254
236,CC#N,C/[N+]([O-])=C/C1=CC=CC=C1,0,5-44-R,CC#N,C/[N+]([O-])=C/c1ccccc1,-8.026093
237,CCO,C/[N+]([O-])=C/C1=CC=CC=C1,0,5-44-R,CCO,C/[N+]([O-])=C/c1ccccc1,-7.69978
238,Cc1ccccc1,C=CC(OCC)=O,0,5-44-R,Cc1ccccc1,C=CC(=O)OCC,-4.9894714
239,C1COCCO1,C=CC(OCC)=O,0,5-44-R,C1COCCO1,C=CC(=O)OCC,-5.101098
240,CC(=O)C,C=CC(OCC)=O,0,5-44-R,CC(C)=O,C=CC(=O)OCC,-5.0162435
241,C[N+](=O)[O-],C=CC(OCC)=O,0,5-44-R,C[N+](=O)[O-],C=CC(=O)OCC,-4.996975
242,CC#N,C=CC(OCC)=O,0,5-44-R,CC#N,C=CC(=O)OCC,-5.002835
243,CCO,C=CC(OCC)=O,0,5-44-R,CCO,C=CC(=O)OCC,-4.624311
244,Cc1ccccc1,CN1C(C2=CC=CC=C2)CC(C(OCC)=O)O1,0,5-44-P,Cc1ccccc1,CCOC(=O)C1CC(c2ccccc2)N(C)O1,-12.71611
245,C1COCCO1,CN1C(C2=CC=CC=C2)CC(C(OCC)=O)O1,0,5-44-P,C1COCCO1,CCOC(=O)C1CC(c2ccccc2)N(C)O1,-13.122557
246,CC(=O)C,CN1C(C2=CC=CC=C2)CC(C(OCC)=O)O1,0,5-44-P,CC(C)=O,CCOC(=O)C1CC(c2ccccc2)N(C)O1,-12.902688
247,C[N+](=O)[O-],CN1C(C2=CC=CC=C2)CC(C(OCC)=O)O1,0,5-44-P,C[N+](=O)[O-],CCOC(=O)C1CC(c2ccccc2)N(C)O1,-11.751056
248,CC#N,CN1C(C2=CC=CC=C2)CC(C(OCC)=O)O1,0,5-44-P,CC#N,CCOC(=O)C1CC(c2ccccc2)N(C)O1,-12.372223
249,CCO,CN1C(C2=CC=CC=C2)CC(C(OCC)=O)O1,0,5-44-P,CCO,CCOC(=O)C1CC(c2ccccc2)N(C)O1,-12.104102
250,C1CCCCC1,CC(C=C1)=CC=C1/C=C/CC2=CC=CC=C2,0,5-45-R,C1CCCCC1,Cc1ccc(/C=C/Cc2ccccc2)cc1,-11.617253
251,C1COCCO1,CC(C=C1)=CC=C1/C=C/CC2=CC=CC=C2,0,5-45-R,C1COCCO1,Cc1ccc(/C=C/Cc2ccccc2)cc1,-12.297211
252,O=CN(C)C,CC(C=C1)=CC=C1/C=C/CC2=CC=CC=C2,0,5-45-R,CN(C)C=O,Cc1ccc(/C=C/Cc2ccccc2)cc1,-11.884621
253,CC#N,CC(C=C1)=CC=C1/C=C/CC2=CC=CC=C2,0,5-45-R,CC#N,Cc1ccc(/C=C/Cc2ccccc2)cc1,-11.087508
254,ClCCCl,CC(C=C1)=CC=C1/C=C/CC2=CC=CC=C2,0,5-45-R,ClCCCl,Cc1ccc(/C=C/Cc2ccccc2)cc1,-12.07942
255,c1ccc(cc1)[N+](=O)[O-],CC(C=C1)=CC=C1/C=C/CC2=CC=CC=C2,0,5-45-R,O=[N+]([O-])c1ccccc1,Cc1ccc(/C=C/Cc2ccccc2)cc1,-11.261293
256,C1CCCCC1,O=C(OCC)/N=N\C(OCC)=O,0,5-45-R,C1CCCCC1,CCOC(=O)/N=N\C(=O)OCC,-8.495671
257,C1COCCO1,O=C(OCC)/N=N\C(OCC)=O,0,5-45-R,C1COCCO1,CCOC(=O)/N=N\C(=O)OCC,-12.364989
258,O=CN(C)C,O=C(OCC)/N=N\C(OCC)=O,0,5-45-R,CN(C)C=O,CCOC(=O)/N=N\C(=O)OCC,-12.684843
259,CC#N,O=C(OCC)/N=N\C(OCC)=O,0,5-45-R,CC#N,CCOC(=O)/N=N\C(=O)OCC,-12.3812065
260,ClCCCl,O=C(OCC)/N=N\C(OCC)=O,0,5-45-R,ClCCCl,CCOC(=O)/N=N\C(=O)OCC,-12.093892
261,c1ccc(cc1)[N+](=O)[O-],O=C(OCC)/N=N\C(OCC)=O,0,5-45-R,O=[N+]([O-])c1ccccc1,CCOC(=O)/N=N\C(=O)OCC,-11.687221
262,C1CCCCC1,O=C(OCC)N(C(/C=C/C1=CC=CC=C1)C2=CC=C(C)C=C2)NC(OCC)=O,0,5-45-P,C1CCCCC1,CCOC(=O)NN(C(=O)OCC)C(/C=C/c1ccccc1)c1ccc(C)cc1,-19.783278
263,C1COCCO1,O=C(OCC)N(C(/C=C/C1=CC=CC=C1)C2=CC=C(C)C=C2)NC(OCC)=O,0,5-45-P,C1COCCO1,CCOC(=O)NN(C(=O)OCC)C(/C=C/c1ccccc1)c1ccc(C)cc1,-23.715591
264,O=CN(C)C,O=C(OCC)N(C(/C=C/C1=CC=CC=C1)C2=CC=C(C)C=C2)NC(OCC)=O,0,5-45-P,CN(C)C=O,CCOC(=O)NN(C(=O)OCC)C(/C=C/c1ccccc1)c1ccc(C)cc1,-23.412067
265,CC#N,O=C(OCC)N(C(/C=C/C1=CC=CC=C1)C2=CC=C(C)C=C2)NC(OCC)=O,0,5-45-P,CC#N,CCOC(=O)NN(C(=O)OCC)C(/C=C/c1ccccc1)c1ccc(C)cc1,-22.478731
266,ClCCCl,O=C(OCC)N(C(/C=C/C1=CC=CC=C1)C2=CC=C(C)C=C2)NC(OCC)=O,0,5-45-P,ClCCCl,CCOC(=O)NN(C(=O)OCC)C(/C=C/c1ccccc1)c1ccc(C)cc1,-23.472038
267,c1ccc(cc1)[N+](=O)[O-],O=C(OCC)N(C(/C=C/C1=CC=CC=C1)C2=CC=C(C)C=C2)NC(OCC)=O,0,5-45-P,O=[N+]([O-])c1ccccc1,CCOC(=O)NN(C(=O)OCC)C(/C=C/c1ccccc1)c1ccc(C)cc1,-21.529207
268,ClC(Cl)(Cl)Cl,O=CC1=CC=C([N+]([O-])=O)C=C1,0,5-48-R,ClC(Cl)(Cl)Cl,O=Cc1ccc([N+](=O)[O-])cc1,-8.826335
269,CCCCCC,O=CC1=CC=C([N+]([O-])=O)C=C1,0,5-48-R,CCCCCC,O=Cc1ccc([N+](=O)[O-])cc1,-7.623142
270,CO,O=CC1=CC=C([N+]([O-])=O)C=C1,0,5-48-R,CO,O=Cc1ccc([N+](=O)[O-])cc1,-9.433656
271,CC#N,O=CC1=CC=C([N+]([O-])=O)C=C1,0,5-48-R,CC#N,O=Cc1ccc([N+](=O)[O-])cc1,-10.165113
272,c1ccccc1,O=CC1=CC=C([N+]([O-])=O)C=C1,0,5-48-R,c1ccccc1,O=Cc1ccc([N+](=O)[O-])cc1,-9.485055
273,OCCO,O=CC1=CC=C([N+]([O-])=O)C=C1,0,5-48-R,OCCO,O=Cc1ccc([N+](=O)[O-])cc1,-8.609515
274,O=CN(C)C,O=CC1=CC=C([N+]([O-])=O)C=C1,0,5-48-R,CN(C)C=O,O=Cc1ccc([N+](=O)[O-])cc1,-10.171086
275,ClC(Cl)(Cl)Cl,O=C(C1=CC=CC=C1)C=P(C2=CC=CC=C2)(C3=CC=CC=C3)C4=CC=CC=C4,0,5-48-R,ClC(Cl)(Cl)Cl,O=C(C=P(c1ccccc1)(c1ccccc1)c1ccccc1)c1ccccc1,-19.892857
276,CCCCCC,O=C(C1=CC=CC=C1)C=P(C2=CC=CC=C2)(C3=CC=CC=C3)C4=CC=CC=C4,0,5-48-R,CCCCCC,O=C(C=P(c1ccccc1)(c1ccccc1)c1ccccc1)c1ccccc1,-18.788273
277,CO,O=C(C1=CC=CC=C1)C=P(C2=CC=CC=C2)(C3=CC=CC=C3)C4=CC=CC=C4,0,5-48-R,CO,O=C(C=P(c1ccccc1)(c1ccccc1)c1ccccc1)c1ccccc1,-18.424461
278,CC#N,O=C(C1=CC=CC=C1)C=P(C2=CC=CC=C2)(C3=CC=CC=C3)C4=CC=CC=C4,0,5-48-R,CC#N,O=C(C=P(c1ccccc1)(c1ccccc1)c1ccccc1)c1ccccc1,-18.555334
279,c1ccccc1,O=C(C1=CC=CC=C1)C=P(C2=CC=CC=C2)(C3=CC=CC=C3)C4=CC=CC=C4,0,5-48-R,c1ccccc1,O=C(C=P(c1ccccc1)(c1ccccc1)c1ccccc1)c1ccccc1,-20.471272
280,OCCO,O=C(C1=CC=CC=C1)C=P(C2=CC=CC=C2)(C3=CC=CC=C3)C4=CC=CC=C4,0,5-48-R,OCCO,O=C(C=P(c1ccccc1)(c1ccccc1)c1ccccc1)c1ccccc1,-15.743807
281,O=CN(C)C,O=C(C1=CC=CC=C1)C=P(C2=CC=CC=C2)(C3=CC=CC=C3)C4=CC=CC=C4,0,5-48-R,CN(C)C=O,O=C(C=P(c1ccccc1)(c1ccccc1)c1ccccc1)c1ccccc1,-19.658783
282,ClC(Cl)(Cl)Cl,O=[N+]([O-])C(C=C1)=CC=C1C2OP(C3=CC=CC=C3)(C4=CC=CC=C4)(C5=CC=CC=C5)C2C(C6=CC=CC=C6)=O,0,5-48-IM,ClC(Cl)(Cl)Cl,O=C(c1ccccc1)C1C(c2ccc([N+](=O)[O-])cc2)OP1(c1ccccc1)(c1ccccc1)c1ccccc1,-28.219906
283,CCCCCC,O=[N+]([O-])C(C=C1)=CC=C1C2OP(C3=CC=CC=C3)(C4=CC=CC=C4)(C5=CC=CC=C5)C2C(C6=CC=CC=C6)=O,0,5-48-IM,CCCCCC,O=C(c1ccccc1)C1C(c2ccc([N+](=O)[O-])cc2)OP1(c1ccccc1)(c1ccccc1)c1ccccc1,-26.080963
284,CO,O=[N+]([O-])C(C=C1)=CC=C1C2OP(C3=CC=CC=C3)(C4=CC=CC=C4)(C5=CC=CC=C5)C2C(C6=CC=CC=C6)=O,0,5-48-IM,CO,O=C(c1ccccc1)C1C(c2ccc([N+](=O)[O-])cc2)OP1(c1ccccc1)(c1ccccc1)c1ccccc1,-27.657211
285,CC#N,O=[N+]([O-])C(C=C1)=CC=C1C2OP(C3=CC=CC=C3)(C4=CC=CC=C4)(C5=CC=CC=C5)C2C(C6=CC=CC=C6)=O,0,5-48-IM,CC#N,O=C(c1ccccc1)C1C(c2ccc([N+](=O)[O-])cc2)OP1(c1ccccc1)(c1ccccc1)c1ccccc1,-27.3623
286,c1ccccc1,O=[N+]([O-])C(C=C1)=CC=C1C2OP(C3=CC=CC=C3)(C4=CC=CC=C4)(C5=CC=CC=C5)C2C(C6=CC=CC=C6)=O,0,5-48-IM,c1ccccc1,O=C(c1ccccc1)C1C(c2ccc([N+](=O)[O-])cc2)OP1(c1ccccc1)(c1ccccc1)c1ccccc1,-29.30165
287,OCCO,O=[N+]([O-])C(C=C1)=CC=C1C2OP(C3=CC=CC=C3)(C4=CC=CC=C4)(C5=CC=CC=C5)C2C(C6=CC=CC=C6)=O,0,5-48-IM,OCCO,O=C(c1ccccc1)C1C(c2ccc([N+](=O)[O-])cc2)OP1(c1ccccc1)(c1ccccc1)c1ccccc1,-24.454056
288,O=CN(C)C,O=[N+]([O-])C(C=C1)=CC=C1C2OP(C3=CC=CC=C3)(C4=CC=CC=C4)(C5=CC=CC=C5)C2C(C6=CC=CC=C6)=O,0,5-48-IM,CN(C)C=O,O=C(c1ccccc1)C1C(c2ccc([N+](=O)[O-])cc2)OP1(c1ccccc1)(c1ccccc1)c1ccccc1,-28.376848
289,ClC(Cl)(Cl)Cl,O=[N+]([O-])C(C=C1)=CC=C1/C=C\C(C2=CC=CC=C2)=O,0,5-48-P,ClC(Cl)(Cl)Cl,O=C(/C=C\c1ccc([N+](=O)[O-])cc1)c1ccccc1,-14.7485075
290,CCCCCC,O=[N+]([O-])C(C=C1)=CC=C1/C=C\C(C2=CC=CC=C2)=O,0,5-48-P,CCCCCC,O=C(/C=C\c1ccc([N+](=O)[O-])cc1)c1ccccc1,-13.150201
291,CO,O=[N+]([O-])C(C=C1)=CC=C1/C=C\C(C2=CC=CC=C2)=O,0,5-48-P,CO,O=C(/C=C\c1ccc([N+](=O)[O-])cc1)c1ccccc1,-14.382525
292,CC#N,O=[N+]([O-])C(C=C1)=CC=C1/C=C\C(C2=CC=CC=C2)=O,0,5-48-P,CC#N,O=C(/C=C\c1ccc([N+](=O)[O-])cc1)c1ccccc1,-15.160129
293,c1ccccc1,O=[N+]([O-])C(C=C1)=CC=C1/C=C\C(C2=CC=CC=C2)=O,0,5-48-P,c1ccccc1,O=C(/C=C\c1ccc([N+](=O)[O-])cc1)c1ccccc1,-15.518462
294,OCCO,O=[N+]([O-])C(C=C1)=CC=C1/C=C\C(C2=CC=CC=C2)=O,0,5-48-P,OCCO,O=C(/C=C\c1ccc([N+](=O)[O-])cc1)c1ccccc1,-12.857445
295,O=CN(C)C,O=[N+]([O-])C(C=C1)=CC=C1/C=C\C(C2=CC=CC=C2)=O,0,5-48-P,CN(C)C=O,O=C(/C=C\c1ccc([N+](=O)[O-])cc1)c1ccccc1,-15.76029
296,ClC(Cl)(Cl)Cl,O=P(C1=CC=CC=C1)(C2=CC=CC=C2)C3=CC=CC=C3,0,5-48-P,ClC(Cl)(Cl)Cl,O=P(c1ccccc1)(c1ccccc1)c1ccccc1,-14.853069
297,CCCCCC,O=P(C1=CC=CC=C1)(C2=CC=CC=C2)C3=CC=CC=C3,0,5-48-P,CCCCCC,O=P(c1ccccc1)(c1ccccc1)c1ccccc1,-13.762101
298,CO,O=P(C1=CC=CC=C1)(C2=CC=CC=C2)C3=CC=CC=C3,0,5-48-P,CO,O=P(c1ccccc1)(c1ccccc1)c1ccccc1,-14.370048
299,CC#N,O=P(C1=CC=CC=C1)(C2=CC=CC=C2)C3=CC=CC=C3,0,5-48-P,CC#N,O=P(c1ccccc1)(c1ccccc1)c1ccccc1,-14.428916
300,c1ccccc1,O=P(C1=CC=CC=C1)(C2=CC=CC=C2)C3=CC=CC=C3,0,5-48-P,c1ccccc1,O=P(c1ccccc1)(c1ccccc1)c1ccccc1,-15.604888
301,OCCO,O=P(C1=CC=CC=C1)(C2=CC=CC=C2)C3=CC=CC=C3,0,5-48-P,OCCO,O=P(c1ccccc1)(c1ccccc1)c1ccccc1,-12.520111
302,O=CN(C)C,O=P(C1=CC=CC=C1)(C2=CC=CC=C2)C3=CC=CC=C3,0,5-48-P,CN(C)C=O,O=P(c1ccccc1)(c1ccccc1)c1ccccc1,-15.150064
303,C1CCCCC1,C=CCC(C#N)(C#N)/C(CC)=C/C,0,5-49-R,C1CCCCC1,C=CCC(C#N)(C#N)/C(=C/C)CC,-8.342155
304,C1COCCO1,C=CCC(C#N)(C#N)/C(CC)=C/C,0,5-49-R,C1COCCO1,C=CCC(C#N)(C#N)/C(=C/C)CC,-10.576405
305,CCO,C=CCC(C#N)(C#N)/C(CC)=C/C,0,5-49-R,CCO,C=CCC(C#N)(C#N)/C(=C/C)CC,-10.019029
306,CS(=O)C,C=CCC(C#N)(C#N)/C(CC)=C/C,0,5-49-R,CS(C)=O,C=CCC(C#N)(C#N)/C(=C/C)CC,-9.681214
307,C1CCCCC1,C=CCC(C)/C(CC)=C(C#N)\C#N,0,5-49-P,C1CCCCC1,C=CCC(C)C(CC)=C(C#N)C#N,-8.799791
308,C1COCCO1,C=CCC(C)/C(CC)=C(C#N)\C#N,0,5-49-P,C1COCCO1,C=CCC(C)C(CC)=C(C#N)C#N,-11.26981
309,CCO,C=CCC(C)/C(CC)=C(C#N)\C#N,0,5-49-P,CCO,C=CCC(C)C(CC)=C(C#N)C#N,-10.003794
310,CS(=O)C,C=CCC(C)/C(CC)=C(C#N)\C#N,0,5-49-P,CS(C)=O,C=CCC(C)C(CC)=C(C#N)C#N,-10.334335
311,CCCCCCCCCCCCCC,C=CCOC1=CC=C(C)C=C1,0,5-50-R,CCCCCCCCCCCCCC,C=CCOc1ccc(C)cc1,-6.9531446
312,CCCCOCCCC,C=CCOC1=CC=C(C)C=C1,0,5-50-R,CCCCOCCCC,C=CCOc1ccc(C)cc1,-7.6313267
313,C1CCS(=O)(=O)C1,C=CCOC1=CC=C(C)C=C1,0,5-50-R,O=S1(=O)CCCC1,C=CCOc1ccc(C)cc1,-6.7888627
314,OCCO,C=CCOC1=CC=C(C)C=C1,0,5-50-R,OCCO,C=CCOc1ccc(C)cc1,-5.9672403
315,Oc1ccccc1,C=CCOC1=CC=C(C)C=C1,0,5-50-R,Oc1ccccc1,C=CCOc1ccc(C)cc1,-7.7284493
316,CCCCCCCCCCCCCC,O=C1C(CC=C)C=C(C)C=C1,0,5-50-P1,CCCCCCCCCCCCCC,C=CCC1C=C(C)C=CC1=O,-6.9268775
317,CCCCOCCCC,O=C1C(CC=C)C=C(C)C=C1,0,5-50-P1,CCCCOCCCC,C=CCC1C=C(C)C=CC1=O,-7.8833094
318,C1CCS(=O)(=O)C1,O=C1C(CC=C)C=C(C)C=C1,0,5-50-P1,O=S1(=O)CCCC1,C=CCC1C=C(C)C=CC1=O,-7.7548256
319,OCCO,O=C1C(CC=C)C=C(C)C=C1,0,5-50-P1,OCCO,C=CCC1C=C(C)C=CC1=O,-7.1430635
320,Oc1ccccc1,O=C1C(CC=C)C=C(C)C=C1,0,5-50-P1,Oc1ccccc1,C=CCC1C=C(C)C=CC1=O,-8.843828
321,CCCCCCCCCCCCCC,OC1=C(CC=C)C=C(C)C=C1,0,5-50-P2,CCCCCCCCCCCCCC,C=CCc1cc(C)ccc1O,-7.5770364
322,CCCCOCCCC,OC1=C(CC=C)C=C(C)C=C1,0,5-50-P2,CCCCOCCCC,C=CCc1cc(C)ccc1O,-9.641455
323,C1CCS(=O)(=O)C1,OC1=C(CC=C)C=C(C)C=C1,0,5-50-P2,O=S1(=O)CCCC1,C=CCc1cc(C)ccc1O,-9.587678
324,OCCO,OC1=C(CC=C)C=C(C)C=C1,0,5-50-P2,OCCO,C=CCc1cc(C)ccc1O,-8.984752
325,Oc1ccccc1,OC1=C(CC=C)C=C(C)C=C1,0,5-50-P2,Oc1ccccc1,C=CCc1cc(C)ccc1O,-9.724068
326,CCCCCC,C=CC(OC)=O,0,CES_2015-R,CCCCCC,C=CC(=O)OC,-3.3567913
327,C1CCCCC1,C=CC(OC)=O,0,CES_2015-R,C1CCCCC1,C=CC(=O)OC,-3.378027
328,CCCCOCCCC,C=CC(OC)=O,0,CES_2015-R,CCCCOCCCC,C=CC(=O)OC,-3.6136217
329,CCCCOC(=O)C,C=CC(OC)=O,0,CES_2015-R,CCCCOC(C)=O,C=CC(=O)OC,-4.28895
330,Cc1ccccc1,C=CC(OC)=O,0,CES_2015-R,Cc1ccccc1,C=CC(=O)OC,-4.377674
331,C1COCCO1,C=CC(OC)=O,0,CES_2015-R,C1COCCO1,C=CC(=O)OC,-4.5421486
332,Clc1ccccc1,C=CC(OC)=O,0,CES_2015-R,Clc1ccccc1,C=CC(=O)OC,-4.5154133
333,CN(C)C=O,C=CC(OC)=O,0,CES_2015-R,CN(C)C=O,C=CC(=O)OC,-4.4733906
334,CCO,C=CC(OC)=O,0,CES_2015-R,CCO,C=CC(=O)OC,-4.059403
335,CCC(=O)O,C=CC(OC)=O,0,CES_2015-R,CCC(=O)O,C=CC(=O)OC,-4.2833304
336,CCCCO,C=CC(OC)=O,0,CES_2015-R,CCCCO,C=CC(=O)OC,-3.8696828
337,CC1COC(=O)O1,C=CC(OC)=O,0,CES_2015-R,CC1COC(=O)O1,C=CC(=O)OC,-4.2864246
338,OCC(F)(F)F,C=CC(OC)=O,0,CES_2015-R,OCC(F)(F)F,C=CC(=O)OC,-4.2828116
339,CS(=O)C,C=CC(OC)=O,0,CES_2015-R,CS(C)=O,C=CC(=O)OC,-4.1023283
340,CCCCCC,CC(C=C)=C,0,CES_2015-R,CCCCCC,C=CC(=C)C,-3.1361449
341,C1CCCCC1,CC(C=C)=C,0,CES_2015-R,C1CCCCC1,C=CC(=C)C,-3.2250996
342,CCCCOCCCC,CC(C=C)=C,0,CES_2015-R,CCCCOCCCC,C=CC(=C)C,-3.0882168
343,CCCCOC(=O)C,CC(C=C)=C,0,CES_2015-R,CCCCOC(C)=O,C=CC(=C)C,-3.1572335
344,Cc1ccccc1,CC(C=C)=C,0,CES_2015-R,Cc1ccccc1,C=CC(=C)C,-3.2437863
345,C1COCCO1,CC(C=C)=C,0,CES_2015-R,C1COCCO1,C=CC(=C)C,-3.1174679
346,Clc1ccccc1,CC(C=C)=C,0,CES_2015-R,Clc1ccccc1,C=CC(=C)C,-3.2239745
347,CN(C)C=O,CC(C=C)=C,0,CES_2015-R,CN(C)C=O,C=CC(=C)C,-2.9161263
348,CCO,CC(C=C)=C,0,CES_2015-R,CCO,C=CC(=C)C,-2.79221
349,CCC(=O)O,CC(C=C)=C,0,CES_2015-R,CCC(=O)O,C=CC(=C)C,-2.5821154
350,CCCCO,CC(C=C)=C,0,CES_2015-R,CCCCO,C=CC(=C)C,-2.8712413
351,CC1COC(=O)O1,CC(C=C)=C,0,CES_2015-R,CC1COC(=O)O1,C=CC(=C)C,-2.4325292
352,OCC(F)(F)F,CC(C=C)=C,0,CES_2015-R,OCC(F)(F)F,C=CC(=C)C,-2.9493365
353,CS(=O)C,CC(C=C)=C,0,CES_2015-R,CS(C)=O,C=CC(=C)C,-2.3685436
354,CCCCCC,CC1=CCC(C(OC)=O)CC1,0,CES_2015-P1,CCCCCC,COC(=O)C1CC=C(C)CC1,-7.130626
355,C1CCCCC1,CC1=CCC(C(OC)=O)CC1,0,CES_2015-P1,C1CCCCC1,COC(=O)C1CC=C(C)CC1,-7.2265234
356,CCCCOCCCC,CC1=CCC(C(OC)=O)CC1,0,CES_2015-P1,CCCCOCCCC,COC(=O)C1CC=C(C)CC1,-7.360287
357,CCCCOC(=O)C,CC1=CCC(C(OC)=O)CC1,0,CES_2015-P1,CCCCOC(C)=O,COC(=O)C1CC=C(C)CC1,-7.692321
358,Cc1ccccc1,CC1=CCC(C(OC)=O)CC1,0,CES_2015-P1,Cc1ccccc1,COC(=O)C1CC=C(C)CC1,-8.021204
359,C1COCCO1,CC1=CCC(C(OC)=O)CC1,0,CES_2015-P1,C1COCCO1,COC(=O)C1CC=C(C)CC1,-7.8517904
360,Clc1ccccc1,CC1=CCC(C(OC)=O)CC1,0,CES_2015-P1,Clc1ccccc1,COC(=O)C1CC=C(C)CC1,-8.114656
361,CN(C)C=O,CC1=CCC(C(OC)=O)CC1,0,CES_2015-P1,CN(C)C=O,COC(=O)C1CC=C(C)CC1,-7.3176084
362,CCO,CC1=CCC(C(OC)=O)CC1,0,CES_2015-P1,CCO,COC(=O)C1CC=C(C)CC1,-7.428222
363,CCC(=O)O,CC1=CCC(C(OC)=O)CC1,0,CES_2015-P1,CCC(=O)O,COC(=O)C1CC=C(C)CC1,-7.2019715
364,CCCCO,CC1=CCC(C(OC)=O)CC1,0,CES_2015-P1,CCCCO,COC(=O)C1CC=C(C)CC1,-7.4729853
365,CC1COC(=O)O1,CC1=CCC(C(OC)=O)CC1,0,CES_2015-P1,CC1COC(=O)O1,COC(=O)C1CC=C(C)CC1,-7.000459
366,OCC(F)(F)F,CC1=CCC(C(OC)=O)CC1,0,CES_2015-P1,OCC(F)(F)F,COC(=O)C1CC=C(C)CC1,-7.783472
367,CS(=O)C,CC1=CCC(C(OC)=O)CC1,0,CES_2015-P1,CS(C)=O,COC(=O)C1CC=C(C)CC1,-6.6129136
368,CCCCCC,O=C(OC)C1CC(C)=CCC1,0,CES_2015-P2,CCCCCC,COC(=O)C1CCC=C(C)C1,-7.070324
369,C1CCCCC1,O=C(OC)C1CC(C)=CCC1,0,CES_2015-P2,C1CCCCC1,COC(=O)C1CCC=C(C)C1,-7.1687174
370,CCCCOCCCC,O=C(OC)C1CC(C)=CCC1,0,CES_2015-P2,CCCCOCCCC,COC(=O)C1CCC=C(C)C1,-7.3122325
371,CCCCOC(=O)C,O=C(OC)C1CC(C)=CCC1,0,CES_2015-P2,CCCCOC(C)=O,COC(=O)C1CCC=C(C)C1,-7.6508846
372,Cc1ccccc1,O=C(OC)C1CC(C)=CCC1,0,CES_2015-P2,Cc1ccccc1,COC(=O)C1CCC=C(C)C1,-7.9688196
373,C1COCCO1,O=C(OC)C1CC(C)=CCC1,0,CES_2015-P2,C1COCCO1,COC(=O)C1CCC=C(C)C1,-7.813794
374,Clc1ccccc1,O=C(OC)C1CC(C)=CCC1,0,CES_2015-P2,Clc1ccccc1,COC(=O)C1CCC=C(C)C1,-8.053152
375,CN(C)C=O,O=C(OC)C1CC(C)=CCC1,0,CES_2015-P2,CN(C)C=O,COC(=O)C1CCC=C(C)C1,-7.248627
376,CCO,O=C(OC)C1CC(C)=CCC1,0,CES_2015-P2,CCO,COC(=O)C1CCC=C(C)C1,-7.358034
377,CCC(=O)O,O=C(OC)C1CC(C)=CCC1,0,CES_2015-P2,CCC(=O)O,COC(=O)C1CCC=C(C)C1,-7.1620817
378,CCCCO,O=C(OC)C1CC(C)=CCC1,0,CES_2015-P2,CCCCO,COC(=O)C1CCC=C(C)C1,-7.40471
379,CC1COC(=O)O1,O=C(OC)C1CC(C)=CCC1,0,CES_2015-P2,CC1COC(=O)O1,COC(=O)C1CCC=C(C)C1,-6.9413714
380,OCC(F)(F)F,O=C(OC)C1CC(C)=CCC1,0,CES_2015-P2,OCC(F)(F)F,COC(=O)C1CCC=C(C)C1,-7.7201204
381,CS(=O)C,O=C(OC)C1CC(C)=CCC1,0,CES_2015-P2,CS(C)=O,COC(=O)C1CCC=C(C)C1,-6.534431
382,CC1CCCO1,CN1C=CN=C1,0,GreenChem_2016-Fig2-R,CC1CCCO1,Cn1ccnc1,-6.510359
383,C(Cl)(Cl)Cl,CN1C=CN=C1,0,GreenChem_2016-Fig2-R,ClC(Cl)Cl,Cn1ccnc1,-7.8852906
384,CC#N,CN1C=CN=C1,0,GreenChem_2016-Fig2-R,CC#N,Cn1ccnc1,-6.988606
385,CCCCN1CCCC1=O,CN1C=CN=C1,0,GreenChem_2016-Fig2-R,CCCCN1CCCC1=O,Cn1ccnc1,-6.456357
386,CN(C)C=O,CN1C=CN=C1,0,GreenChem_2016-Fig2-R,CN(C)C=O,Cn1ccnc1,-6.916476
387,CC(=O)N(C)C,CN1C=CN=C1,0,GreenChem_2016-Fig2-R,CC(=O)N(C)C,Cn1ccnc1,-6.7896776
388,CN1CCCC1=O,CN1C=CN=C1,0,GreenChem_2016-Fig2-R,CN1CCCC1=O,Cn1ccnc1,-6.890767
389,CS(=O)C,CN1C=CN=C1,0,GreenChem_2016-Fig2-R,CS(C)=O,Cn1ccnc1,-6.8634768
390,CC1CCCO1,CCCCCCCCBr,0,GreenChem_2016-Fig2-R,CC1CCCO1,CCCCCCCCBr,-7.60353
391,C(Cl)(Cl)Cl,CCCCCCCCBr,0,GreenChem_2016-Fig2-R,ClC(Cl)Cl,CCCCCCCCBr,-7.786887
392,CC#N,CCCCCCCCBr,0,GreenChem_2016-Fig2-R,CC#N,CCCCCCCCBr,-6.129909
393,CCCCN1CCCC1=O,CCCCCCCCBr,0,GreenChem_2016-Fig2-R,CCCCN1CCCC1=O,CCCCCCCCBr,-6.9050064
394,CN(C)C=O,CCCCCCCCBr,0,GreenChem_2016-Fig2-R,CN(C)C=O,CCCCCCCCBr,-6.385469
395,CC(=O)N(C)C,CCCCCCCCBr,0,GreenChem_2016-Fig2-R,CC(=O)N(C)C,CCCCCCCCBr,-6.552808
396,CN1CCCC1=O,CCCCCCCCBr,0,GreenChem_2016-Fig2-R,CN1CCCC1=O,CCCCCCCCBr,-6.6797905
397,CS(=O)C,CCCCCCCCBr,0,GreenChem_2016-Fig2-R,CS(C)=O,CCCCCCCCBr,-5.4755173
398,CC1CCCO1,CN1C=C[N+](CCCCCCCC)=C1.[Br-],0,GreenChem_2016-Fig2-P,CC1CCCO1,CCCCCCCC[n+]1ccn(C)c1.[Br-],-11.398926
399,C(Cl)(Cl)Cl,CN1C=C[N+](CCCCCCCC)=C1.[Br-],0,GreenChem_2016-Fig2-P,ClC(Cl)Cl,CCCCCCCC[n+]1ccn(C)c1.[Br-],-12.039191
400,CC#N,CN1C=C[N+](CCCCCCCC)=C1.[Br-],0,GreenChem_2016-Fig2-P,CC#N,CCCCCCCC[n+]1ccn(C)c1.[Br-],-9.755011
401,CCCCN1CCCC1=O,CN1C=C[N+](CCCCCCCC)=C1.[Br-],0,GreenChem_2016-Fig2-P,CCCCN1CCCC1=O,CCCCCCCC[n+]1ccn(C)c1.[Br-],-10.414004
402,CN(C)C=O,CN1C=C[N+](CCCCCCCC)=C1.[Br-],0,GreenChem_2016-Fig2-P,CN(C)C=O,CCCCCCCC[n+]1ccn(C)c1.[Br-],-10.010915
403,CC(=O)N(C)C,CN1C=C[N+](CCCCCCCC)=C1.[Br-],0,GreenChem_2016-Fig2-P,CC(=O)N(C)C,CCCCCCCC[n+]1ccn(C)c1.[Br-],-10.326602
404,CN1CCCC1=O,CN1C=C[N+](CCCCCCCC)=C1.[Br-],0,GreenChem_2016-Fig2-P,CN1CCCC1=O,CCCCCCCC[n+]1ccn(C)c1.[Br-],-10.203236
405,CS(=O)C,CN1C=C[N+](CCCCCCCC)=C1.[Br-],0,GreenChem_2016-Fig2-P,CS(C)=O,CCCCCCCC[n+]1ccn(C)c1.[Br-],-8.550906
406,Cc1ccccc1,Ic1ccccc1,0,GreenChem_2016-Fig4-R,Cc1ccccc1,Ic1ccccc1,-7.0527887
407,CC1=CC=C(C=C1)C(C)C,Ic1ccccc1,0,GreenChem_2016-Fig4-R,Cc1ccc(C(C)C)cc1,Ic1ccccc1,-6.6974435
408,O=C1CCCCC1,Ic1ccccc1,0,GreenChem_2016-Fig4-R,O=C1CCCCC1,Ic1ccccc1,-7.2138267
409,CS(=O)C,Ic1ccccc1,0,GreenChem_2016-Fig4-R,CS(C)=O,Ic1ccccc1,-6.455133
410,CCCCN1CCCC1=O,Ic1ccccc1,0,GreenChem_2016-Fig4-R,CCCCN1CCCC1=O,Ic1ccccc1,-6.934806
411,CN1CCCC1=O,Ic1ccccc1,0,GreenChem_2016-Fig4-R,CN1CCCC1=O,Ic1ccccc1,-7.2397604
412,CN(C)C=O,Ic1ccccc1,0,GreenChem_2016-Fig4-R,CN(C)C=O,Ic1ccccc1,-7.059837
413,Cc1ccccc1,C=CC(OC)=O,0,GreenChem_2016-Fig4-R,Cc1ccccc1,C=CC(=O)OC,-4.377674
414,CC1=CC=C(C=C1)C(C)C,C=CC(OC)=O,0,GreenChem_2016-Fig4-R,Cc1ccc(C(C)C)cc1,C=CC(=O)OC,-3.9045813
415,O=C1CCCCC1,C=CC(OC)=O,0,GreenChem_2016-Fig4-R,O=C1CCCCC1,C=CC(=O)OC,-4.447849
416,CS(=O)C,C=CC(OC)=O,0,GreenChem_2016-Fig4-R,CS(C)=O,C=CC(=O)OC,-4.102328
417,CCCCN1CCCC1=O,C=CC(OC)=O,0,GreenChem_2016-Fig4-R,CCCCN1CCCC1=O,C=CC(=O)OC,-4.2443757
418,CN1CCCC1=O,C=CC(OC)=O,0,GreenChem_2016-Fig4-R,CN1CCCC1=O,C=CC(=O)OC,-4.368053
419,CN(C)C=O,C=CC(OC)=O,0,GreenChem_2016-Fig4-R,CN(C)C=O,C=CC(=O)OC,-4.47339
420,Cc1ccccc1,O=C(OC)/C=C/C1=CC=CC=C1,0,GreenChem_2016-Fig4-P,Cc1ccccc1,COC(=O)/C=C/c1ccccc1,-9.3129015
421,CC1=CC=C(C=C1)C(C)C,O=C(OC)/C=C/C1=CC=CC=C1,0,GreenChem_2016-Fig4-P,Cc1ccc(C(C)C)cc1,COC(=O)/C=C/c1ccccc1,-8.844776
422,O=C1CCCCC1,O=C(OC)/C=C/C1=CC=CC=C1,0,GreenChem_2016-Fig4-P,O=C1CCCCC1,COC(=O)/C=C/c1ccccc1,-9.529852
423,CS(=O)C,O=C(OC)/C=C/C1=CC=CC=C1,0,GreenChem_2016-Fig4-P,CS(C)=O,COC(=O)/C=C/c1ccccc1,-8.611383
424,CCCCN1CCCC1=O,O=C(OC)/C=C/C1=CC=CC=C1,0,GreenChem_2016-Fig4-P,CCCCN1CCCC1=O,COC(=O)/C=C/c1ccccc1,-9.221561
425,CN1CCCC1=O,O=C(OC)/C=C/C1=CC=CC=C1,0,GreenChem_2016-Fig4-P,CN1CCCC1=O,COC(=O)/C=C/c1ccccc1,-9.52579
426,CN(C)C=O,O=C(OC)/C=C/C1=CC=CC=C1,0,GreenChem_2016-Fig4-P,CN(C)C=O,COC(=O)/C=C/c1ccccc1,-9.228369
427,Cc1ccccc1,I,0,GreenChem_2016-Fig4-P,Cc1ccccc1,I,-2.7061546
428,CC1=CC=C(C=C1)C(C)C,I,0,GreenChem_2016-Fig4-P,Cc1ccc(C(C)C)cc1,I,-2.5255823
429,O=C1CCCCC1,I,0,GreenChem_2016-Fig4-P,O=C1CCCCC1,I,-3.1699967
430,CS(=O)C,I,0,GreenChem_2016-Fig4-P,CS(C)=O,I,-3.1827576
431,CCCCN1CCCC1=O,I,0,GreenChem_2016-Fig4-P,CCCCN1CCCC1=O,I,-3.2177787
432,CN1CCCC1=O,I,0,GreenChem_2016-Fig4-P,CN1CCCC1=O,I,-3.4772682
433,CN(C)C=O,I,0,GreenChem_2016-Fig4-P,CN(C)C=O,I,-3.3536928
434,Cc1ccccc1,O=C(CBr)C1=CC=CC=C1,0,NatChem_2013-R,Cc1ccccc1,O=C(CBr)c1ccccc1,-9.269417
435,C(Cl)(Cl)Cl,O=C(CBr)C1=CC=CC=C1,0,NatChem_2013-R,ClC(Cl)Cl,O=C(CBr)c1ccccc1,-9.819816
436,C1CCOC1,O=C(CBr)C1=CC=CC=C1,0,NatChem_2013-R,C1CCOC1,O=C(CBr)c1ccccc1,-9.506717
437,CC(=O)C,O=C(CBr)C1=CC=CC=C1,0,NatChem_2013-R,CC(C)=O,O=C(CBr)c1ccccc1,-9.579829
438,CC#N,O=C(CBr)C1=CC=CC=C1,0,NatChem_2013-R,CC#N,O=C(CBr)c1ccccc1,-9.216408
439,C[N+](=O)[O-],O=C(CBr)C1=CC=CC=C1,0,NatChem_2013-R,C[N+](=O)[O-],O=C(CBr)c1ccccc1,-9.179418
440,Cc1ccccc1,C1=CC=CC=N1,0,NatChem_2013-R,Cc1ccccc1,c1ccncc1,-5.192498
441,C(Cl)(Cl)Cl,C1=CC=CC=N1,0,NatChem_2013-R,ClC(Cl)Cl,c1ccncc1,-6.402954
442,C1CCOC1,C1=CC=CC=N1,0,NatChem_2013-R,C1CCOC1,c1ccncc1,-5.5042243
443,CC(=O)C,C1=CC=CC=N1,0,NatChem_2013-R,CC(C)=O,c1ccncc1,-5.7934265
444,CC#N,C1=CC=CC=N1,0,NatChem_2013-R,CC#N,c1ccncc1,-5.70815
445,C[N+](=O)[O-],C1=CC=CC=N1,0,NatChem_2013-R,C[N+](=O)[O-],c1ccncc1,-5.649518
446,Cc1ccccc1,O=C(C1=CC=CC=C1)C[N+]2=CC=CC=C2.[Br-],0,NatChem_2013-P,Cc1ccccc1,O=C(C[n+]1ccccc1)c1ccccc1.[Br-],-13.902569
447,C(Cl)(Cl)Cl,O=C(C1=CC=CC=C1)C[N+]2=CC=CC=C2.[Br-],0,NatChem_2013-P,ClC(Cl)Cl,O=C(C[n+]1ccccc1)c1ccccc1.[Br-],-14.682218
448,C1CCOC1,O=C(C1=CC=CC=C1)C[N+]2=CC=CC=C2.[Br-],0,NatChem_2013-P,C1CCOC1,O=C(C[n+]1ccccc1)c1ccccc1.[Br-],-14.0870495
449,CC(=O)C,O=C(C1=CC=CC=C1)C[N+]2=CC=CC=C2.[Br-],0,NatChem_2013-P,CC(C)=O,O=C(C[n+]1ccccc1)c1ccccc1.[Br-],-13.644383
450,CC#N,O=C(C1=CC=CC=C1)C[N+]2=CC=CC=C2.[Br-],0,NatChem_2013-P,CC#N,O=C(C[n+]1ccccc1)c1ccccc1.[Br-],-12.967028
451,C[N+](=O)[O-],O=C(C1=CC=CC=C1)C[N+]2=CC=CC=C2.[Br-],0,NatChem_2013-P,C[N+](=O)[O-],O=C(C[n+]1ccccc1)c1ccccc1.[Br-],-12.553007
452,CC(C)CC(C)(C)C,C1C=CC=C1,0,JACS1988-Table1-R,CC(C)CC(C)(C)C,C1=CCC=C1,-3.2890549
453,CO,C1C=CC=C1,0,JACS1988-Table1-R,CO,C1=CCC=C1,-3.2184844
454,O,C1C=CC=C1,0,JACS1988-Table1-R,O,C1=CCC=C1,-0.15685268
455,NC=O,C1C=CC=C1,0,JACS1988-Table1-R,NC=O,C1=CCC=C1,-2.0746725
456,C(CO)O,C1C=CC=C1,0,JACS1988-Table1-R,OCCO,C1=CCC=C1,-2.3552723
457,CC(C)CC(C)(C)C,CC(=O)C=C,0,JACS1988-Table1-R,CC(C)CC(C)(C)C,C=CC(C)=O,-3.1168442
458,CO,CC(=O)C=C,0,JACS1988-Table1-R,CO,C=CC(C)=O,-4.695107
459,O,CC(=O)C=C,0,JACS1988-Table1-R,O,C=CC(C)=O,-4.256336
460,NC=O,CC(=O)C=C,0,JACS1988-Table1-R,NC=O,C=CC(C)=O,-4.3206434
461,C(CO)O,CC(=O)C=C,0,JACS1988-Table1-R,OCCO,C=CC(C)=O,-4.1255765
462,CC(C)CC(C)(C)C,O=C(C)C1C[C@H]2C=C[C@@H]1C2,0,JACS1988-Table1-P,CC(C)CC(C)(C)C,CC(=O)C1C[C@H]2C=C[C@@H]1C2,-6.4681168
463,CO,O=C(C)C1C[C@H]2C=C[C@@H]1C2,0,JACS1988-Table1-P,CO,CC(=O)C1C[C@H]2C=C[C@@H]1C2,-7.3262405
464,O,O=C(C)C1C[C@H]2C=C[C@@H]1C2,0,JACS1988-Table1-P,O,CC(=O)C1C[C@H]2C=C[C@@H]1C2,-4.089006
465,NC=O,O=C(C)C1C[C@H]2C=C[C@@H]1C2,0,JACS1988-Table1-P,NC=O,CC(=O)C1C[C@H]2C=C[C@@H]1C2,-6.009974
466,C(CO)O,O=C(C)C1C[C@H]2C=C[C@@H]1C2,0,JACS1988-Table1-P,OCCO,CC(=O)C1C[C@H]2C=C[C@@H]1C2,-6.2651334
467,CO,S=C(OCC)SC1=CC=C([N+]([O-])=O)C=C1[N+]([O-])=O,0,JPOC2012-Table2-R,CO,CCOC(=S)Sc1ccc([N+](=O)[O-])cc1[N+](=O)[O-],-14.002249
468,CCO,S=C(OCC)SC1=CC=C([N+]([O-])=O)C=C1[N+]([O-])=O,0,JPOC2012-Table2-R,CCO,CCOC(=S)Sc1ccc([N+](=O)[O-])cc1[N+](=O)[O-],-13.776679
469,CCCO,S=C(OCC)SC1=CC=C([N+]([O-])=O)C=C1[N+]([O-])=O,0,JPOC2012-Table2-R,CCCO,CCOC(=S)Sc1ccc([N+](=O)[O-])cc1[N+](=O)[O-],-13.741892
470,CCCCO,S=C(OCC)SC1=CC=C([N+]([O-])=O)C=C1[N+]([O-])=O,0,JPOC2012-Table2-R,CCCCO,CCOC(=S)Sc1ccc([N+](=O)[O-])cc1[N+](=O)[O-],-13.646848
471,CC(C)CO,S=C(OCC)SC1=CC=C([N+]([O-])=O)C=C1[N+]([O-])=O,0,JPOC2012-Table2-R,CC(C)CO,CCOC(=S)Sc1ccc([N+](=O)[O-])cc1[N+](=O)[O-],-13.602621
472,CC(O)C,S=C(OCC)SC1=CC=C([N+]([O-])=O)C=C1[N+]([O-])=O,0,JPOC2012-Table2-R,CC(C)O,CCOC(=S)Sc1ccc([N+](=O)[O-])cc1[N+](=O)[O-],-13.635956
473,CCC(C)O,S=C(OCC)SC1=CC=C([N+]([O-])=O)C=C1[N+]([O-])=O,0,JPOC2012-Table2-R,CCC(C)O,CCOC(=S)Sc1ccc([N+](=O)[O-])cc1[N+](=O)[O-],-13.602103
474,CCCCCO,S=C(OCC)SC1=CC=C([N+]([O-])=O)C=C1[N+]([O-])=O,0,JPOC2012-Table2-R,CCCCCO,CCOC(=S)Sc1ccc([N+](=O)[O-])cc1[N+](=O)[O-],-13.648787
475,CC#N,S=C(OCC)SC1=CC=C([N+]([O-])=O)C=C1[N+]([O-])=O,0,JPOC2012-Table2-R,CC#N,CCOC(=S)Sc1ccc([N+](=O)[O-])cc1[N+](=O)[O-],-14.897642
476,CS(=O)C,S=C(OCC)SC1=CC=C([N+]([O-])=O)C=C1[N+]([O-])=O,0,JPOC2012-Table2-R,CS(C)=O,CCOC(=S)Sc1ccc([N+](=O)[O-])cc1[N+](=O)[O-],-14.057145
477,CN(C)C=O,S=C(OCC)SC1=CC=C([N+]([O-])=O)C=C1[N+]([O-])=O,0,JPOC2012-Table2-R,CN(C)C=O,CCOC(=S)Sc1ccc([N+](=O)[O-])cc1[N+](=O)[O-],-14.9686775
478,CC(C)(C)O,S=C(OCC)SC1=CC=C([N+]([O-])=O)C=C1[N+]([O-])=O,0,JPOC2012-Table2-R,CC(C)(C)O,CCOC(=S)Sc1ccc([N+](=O)[O-])cc1[N+](=O)[O-],-13.779749
479,CC(=O)C,S=C(OCC)SC1=CC=C([N+]([O-])=O)C=C1[N+]([O-])=O,0,JPOC2012-Table2-R,CC(C)=O,CCOC(=S)Sc1ccc([N+](=O)[O-])cc1[N+](=O)[O-],-15.102633
480,C(Cl)Cl,S=C(OCC)SC1=CC=C([N+]([O-])=O)C=C1[N+]([O-])=O,0,JPOC2012-Table2-R,ClCCl,CCOC(=S)Sc1ccc([N+](=O)[O-])cc1[N+](=O)[O-],-16.125685
481,C(Cl)(Cl)Cl,S=C(OCC)SC1=CC=C([N+]([O-])=O)C=C1[N+]([O-])=O,0,JPOC2012-Table2-R,ClC(Cl)Cl,CCOC(=S)Sc1ccc([N+](=O)[O-])cc1[N+](=O)[O-],-15.466366
482,C1CCCO1,S=C(OCC)SC1=CC=C([N+]([O-])=O)C=C1[N+]([O-])=O,0,JPOC2012-Table2-R,C1CCOC1,CCOC(=S)Sc1ccc([N+](=O)[O-])cc1[N+](=O)[O-],-14.94398
483,C1COCCO1,S=C(OCC)SC1=CC=C([N+]([O-])=O)C=C1[N+]([O-])=O,0,JPOC2012-Table2-R,C1COCCO1,CCOC(=S)Sc1ccc([N+](=O)[O-])cc1[N+](=O)[O-],-15.40586
484,CCOCC,S=C(OCC)SC1=CC=C([N+]([O-])=O)C=C1[N+]([O-])=O,0,JPOC2012-Table2-R,CCOCC,CCOC(=S)Sc1ccc([N+](=O)[O-])cc1[N+](=O)[O-],-14.365775
485,C(Cl)(Cl)(Cl)Cl,S=C(OCC)SC1=CC=C([N+]([O-])=O)C=C1[N+]([O-])=O,0,JPOC2012-Table2-R,ClC(Cl)(Cl)Cl,CCOC(=S)Sc1ccc([N+](=O)[O-])cc1[N+](=O)[O-],-13.706315
486,CCCCCCC,S=C(OCC)SC1=CC=C([N+]([O-])=O)C=C1[N+]([O-])=O,0,JPOC2012-Table2-R,CCCCCCC,CCOC(=S)Sc1ccc([N+](=O)[O-])cc1[N+](=O)[O-],-12.020403
487,CCCCCC,S=C(OCC)SC1=CC=C([N+]([O-])=O)C=C1[N+]([O-])=O,0,JPOC2012-Table2-R,CCCCCC,CCOC(=S)Sc1ccc([N+](=O)[O-])cc1[N+](=O)[O-],-11.995751
488,CO,O1CCNCC1,0,JPOC2012-Table2-R,CO,C1COCCN1,-6.798374
489,CCO,O1CCNCC1,0,JPOC2012-Table2-R,CCO,C1COCCN1,-6.398329
490,CCCO,O1CCNCC1,0,JPOC2012-Table2-R,CCCO,C1COCCN1,-6.233185
491,CCCCO,O1CCNCC1,0,JPOC2012-Table2-R,CCCCO,C1COCCN1,-6.1506386
492,CC(C)CO,O1CCNCC1,0,JPOC2012-Table2-R,CC(C)CO,C1COCCN1,-6.2446003
493,CC(O)C,O1CCNCC1,0,JPOC2012-Table2-R,CC(C)O,C1COCCN1,-6.0580416
494,CCC(C)O,O1CCNCC1,0,JPOC2012-Table2-R,CCC(C)O,C1COCCN1,-6.2448387
495,CCCCCO,O1CCNCC1,0,JPOC2012-Table2-R,CCCCCO,C1COCCN1,-6.0976443
496,CC#N,O1CCNCC1,0,JPOC2012-Table2-R,CC#N,C1COCCN1,-5.838043
497,CS(=O)C,O1CCNCC1,0,JPOC2012-Table2-R,CS(C)=O,C1COCCN1,-5.497388
498,CN(C)C=O,O1CCNCC1,0,JPOC2012-Table2-R,CN(C)C=O,C1COCCN1,-5.6268897
499,CC(C)(C)O,O1CCNCC1,0,JPOC2012-Table2-R,CC(C)(C)O,C1COCCN1,-6.1465325
500,CC(=O)C,O1CCNCC1,0,JPOC2012-Table2-R,CC(C)=O,C1COCCN1,-5.6755733
501,C(Cl)Cl,O1CCNCC1,0,JPOC2012-Table2-R,ClCCl,C1COCCN1,-6.4140143
502,C(Cl)(Cl)Cl,O1CCNCC1,0,JPOC2012-Table2-R,ClC(Cl)Cl,C1COCCN1,-6.6506233
503,C1CCCO1,O1CCNCC1,0,JPOC2012-Table2-R,C1CCOC1,C1COCCN1,-5.6537776
504,C1COCCO1,O1CCNCC1,0,JPOC2012-Table2-R,C1COCCO1,C1COCCN1,-5.74339
505,CCOCC,O1CCNCC1,0,JPOC2012-Table2-R,CCOCC,C1COCCN1,-5.420578
506,C(Cl)(Cl)(Cl)Cl,O1CCNCC1,0,JPOC2012-Table2-R,ClC(Cl)(Cl)Cl,C1COCCN1,-5.1748166
507,CCCCCCC,O1CCNCC1,0,JPOC2012-Table2-R,CCCCCCC,C1COCCN1,-4.4642053
508,CCCCCC,O1CCNCC1,0,JPOC2012-Table2-R,CCCCCC,C1COCCN1,-4.531936
509,CO,S=C(N1CCOCC1)OCC,0,JPOC2012-Table2-P,CO,CCOC(=S)N1CCOCC1,-8.638222
510,CCO,S=C(N1CCOCC1)OCC,0,JPOC2012-Table2-P,CCO,CCOC(=S)N1CCOCC1,-8.522787
511,CCCO,S=C(N1CCOCC1)OCC,0,JPOC2012-Table2-P,CCCO,CCOC(=S)N1CCOCC1,-8.620558
512,CCCCO,S=C(N1CCOCC1)OCC,0,JPOC2012-Table2-P,CCCCO,CCOC(=S)N1CCOCC1,-8.601646
513,CC(C)CO,S=C(N1CCOCC1)OCC,0,JPOC2012-Table2-P,CC(C)CO,CCOC(=S)N1CCOCC1,-8.595919
514,CC(O)C,S=C(N1CCOCC1)OCC,0,JPOC2012-Table2-P,CC(C)O,CCOC(=S)N1CCOCC1,-8.451936
515,CCC(C)O,S=C(N1CCOCC1)OCC,0,JPOC2012-Table2-P,CCC(C)O,CCOC(=S)N1CCOCC1,-8.595693
516,CCCCCO,S=C(N1CCOCC1)OCC,0,JPOC2012-Table2-P,CCCCCO,CCOC(=S)N1CCOCC1,-8.52717
517,CC#N,S=C(N1CCOCC1)OCC,0,JPOC2012-Table2-P,CC#N,CCOC(=S)N1CCOCC1,-8.500231
518,CS(=O)C,S=C(N1CCOCC1)OCC,0,JPOC2012-Table2-P,CS(C)=O,CCOC(=S)N1CCOCC1,-7.976888
519,CN(C)C=O,S=C(N1CCOCC1)OCC,0,JPOC2012-Table2-P,CN(C)C=O,CCOC(=S)N1CCOCC1,-8.641342
520,CC(C)(C)O,S=C(N1CCOCC1)OCC,0,JPOC2012-Table2-P,CC(C)(C)O,CCOC(=S)N1CCOCC1,-8.430133
521,CC(=O)C,S=C(N1CCOCC1)OCC,0,JPOC2012-Table2-P,CC(C)=O,CCOC(=S)N1CCOCC1,-8.829579
522,C(Cl)Cl,S=C(N1CCOCC1)OCC,0,JPOC2012-Table2-P,ClCCl,CCOC(=S)N1CCOCC1,-10.022272
523,C(Cl)(Cl)Cl,S=C(N1CCOCC1)OCC,0,JPOC2012-Table2-P,ClC(Cl)Cl,CCOC(=S)N1CCOCC1,-9.90446
524,C1CCCO1,S=C(N1CCOCC1)OCC,0,JPOC2012-Table2-P,C1CCOC1,CCOC(=S)N1CCOCC1,-9.218154
525,C1COCCO1,S=C(N1CCOCC1)OCC,0,JPOC2012-Table2-P,C1COCCO1,CCOC(=S)N1CCOCC1,-9.152966
526,CCOCC,S=C(N1CCOCC1)OCC,0,JPOC2012-Table2-P,CCOCC,CCOC(=S)N1CCOCC1,-9.040339
527,C(Cl)(Cl)(Cl)Cl,S=C(N1CCOCC1)OCC,0,JPOC2012-Table2-P,ClC(Cl)(Cl)Cl,CCOC(=S)N1CCOCC1,-8.803833
528,CCCCCCC,S=C(N1CCOCC1)OCC,0,JPOC2012-Table2-P,CCCCCCC,CCOC(=S)N1CCOCC1,-8.018108
529,CCCCCC,S=C(N1CCOCC1)OCC,0,JPOC2012-Table2-P,CCCCCC,CCOC(=S)N1CCOCC1,-8.018602
530,CO,SC1=CC=C([N+]([O-])=O)C=C1[N+]([O-])=O,0,JPOC2012-Table2-P,CO,O=[N+]([O-])c1ccc(S)c([N+](=O)[O-])c1,-12.667001
531,CCO,SC1=CC=C([N+]([O-])=O)C=C1[N+]([O-])=O,0,JPOC2012-Table2-P,CCO,O=[N+]([O-])c1ccc(S)c([N+](=O)[O-])c1,-12.513154
532,CCCO,SC1=CC=C([N+]([O-])=O)C=C1[N+]([O-])=O,0,JPOC2012-Table2-P,CCCO,O=[N+]([O-])c1ccc(S)c([N+](=O)[O-])c1,-12.254753
533,CCCCO,SC1=CC=C([N+]([O-])=O)C=C1[N+]([O-])=O,0,JPOC2012-Table2-P,CCCCO,O=[N+]([O-])c1ccc(S)c([N+](=O)[O-])c1,-12.064387
534,CC(C)CO,SC1=CC=C([N+]([O-])=O)C=C1[N+]([O-])=O,0,JPOC2012-Table2-P,CC(C)CO,O=[N+]([O-])c1ccc(S)c([N+](=O)[O-])c1,-11.99073
535,CC(O)C,SC1=CC=C([N+]([O-])=O)C=C1[N+]([O-])=O,0,JPOC2012-Table2-P,CC(C)O,O=[N+]([O-])c1ccc(S)c([N+](=O)[O-])c1,-12.22622
536,CCC(C)O,SC1=CC=C([N+]([O-])=O)C=C1[N+]([O-])=O,0,JPOC2012-Table2-P,CCC(C)O,O=[N+]([O-])c1ccc(S)c([N+](=O)[O-])c1,-11.990361
537,CCCCCO,SC1=CC=C([N+]([O-])=O)C=C1[N+]([O-])=O,0,JPOC2012-Table2-P,CCCCCO,O=[N+]([O-])c1ccc(S)c([N+](=O)[O-])c1,-11.903344
538,CC#N,SC1=CC=C([N+]([O-])=O)C=C1[N+]([O-])=O,0,JPOC2012-Table2-P,CC#N,O=[N+]([O-])c1ccc(S)c([N+](=O)[O-])c1,-13.132786
539,CS(=O)C,SC1=CC=C([N+]([O-])=O)C=C1[N+]([O-])=O,0,JPOC2012-Table2-P,CS(C)=O,O=[N+]([O-])c1ccc(S)c([N+](=O)[O-])c1,-13.791338
540,CN(C)C=O,SC1=CC=C([N+]([O-])=O)C=C1[N+]([O-])=O,0,JPOC2012-Table2-P,CN(C)C=O,O=[N+]([O-])c1ccc(S)c([N+](=O)[O-])c1,-13.703728
541,CC(C)(C)O,SC1=CC=C([N+]([O-])=O)C=C1[N+]([O-])=O,0,JPOC2012-Table2-P,CC(C)(C)O,O=[N+]([O-])c1ccc(S)c([N+](=O)[O-])c1,-12.186202
542,CC(=O)C,SC1=CC=C([N+]([O-])=O)C=C1[N+]([O-])=O,0,JPOC2012-Table2-P,CC(C)=O,O=[N+]([O-])c1ccc(S)c([N+](=O)[O-])c1,-13.427829
543,C(Cl)Cl,SC1=CC=C([N+]([O-])=O)C=C1[N+]([O-])=O,0,JPOC2012-Table2-P,ClCCl,O=[N+]([O-])c1ccc(S)c([N+](=O)[O-])c1,-12.33918
544,C(Cl)(Cl)Cl,SC1=CC=C([N+]([O-])=O)C=C1[N+]([O-])=O,0,JPOC2012-Table2-P,ClC(Cl)Cl,O=[N+]([O-])c1ccc(S)c([N+](=O)[O-])c1,-11.716928
545,C1CCCO1,SC1=CC=C([N+]([O-])=O)C=C1[N+]([O-])=O,0,JPOC2012-Table2-P,C1CCOC1,O=[N+]([O-])c1ccc(S)c([N+](=O)[O-])c1,-13.203051
546,C1COCCO1,SC1=CC=C([N+]([O-])=O)C=C1[N+]([O-])=O,0,JPOC2012-Table2-P,C1COCCO1,O=[N+]([O-])c1ccc(S)c([N+](=O)[O-])c1,-13.466978
547,CCOCC,SC1=CC=C([N+]([O-])=O)C=C1[N+]([O-])=O,0,JPOC2012-Table2-P,CCOCC,O=[N+]([O-])c1ccc(S)c([N+](=O)[O-])c1,-12.354127
548,C(Cl)(Cl)(Cl)Cl,SC1=CC=C([N+]([O-])=O)C=C1[N+]([O-])=O,0,JPOC2012-Table2-P,ClC(Cl)(Cl)Cl,O=[N+]([O-])c1ccc(S)c([N+](=O)[O-])c1,-10.244197
549,CCCCCCC,SC1=CC=C([N+]([O-])=O)C=C1[N+]([O-])=O,0,JPOC2012-Table2-P,CCCCCCC,O=[N+]([O-])c1ccc(S)c([N+](=O)[O-])c1,-8.961062
550,CCCCCC,SC1=CC=C([N+]([O-])=O)C=C1[N+]([O-])=O,0,JPOC2012-Table2-P,CCCCCC,O=[N+]([O-])c1ccc(S)c([N+](=O)[O-])c1,-9.027123
551,O,OCC1=C2C(C=CC=C2)=CC3=CC=CC=C31,0,IJCK2016-TableI-R,O,OCc1c2ccccc2cc2ccccc12,-8.335214
552,CC#N,OCC1=C2C(C=CC=C2)=CC3=CC=CC=C31,0,IJCK2016-TableI-R,CC#N,OCc1c2ccccc2cc2ccccc12,-13.710746
553,CCCCO,OCC1=C2C(C=CC=C2)=CC3=CC=CC=C31,0,IJCK2016-TableI-R,CCCCO,OCc1c2ccccc2cc2ccccc12,-13.857434
554,C(Cl)(Cl)Cl,OCC1=C2C(C=CC=C2)=CC3=CC=CC=C31,0,IJCK2016-TableI-R,ClC(Cl)Cl,OCc1c2ccccc2cc2ccccc12,-13.543659
555,C1COCCO1,OCC1=C2C(C=CC=C2)=CC3=CC=CC=C31,0,IJCK2016-TableI-R,C1COCCO1,OCc1c2ccccc2cc2ccccc12,-14.85169
556,O,O=C(C=C1)N(C2=CC=CC=C2)C1=O,0,IJCK2016-TableI-R,O,O=C1C=CC(=O)N1c1ccccc1,-6.756729
557,CC#N,O=C(C=C1)N(C2=CC=CC=C2)C1=O,0,IJCK2016-TableI-R,CC#N,O=C1C=CC(=O)N1c1ccccc1,-10.396678
558,CCCCO,O=C(C=C1)N(C2=CC=CC=C2)C1=O,0,IJCK2016-TableI-R,CCCCO,O=C1C=CC(=O)N1c1ccccc1,-9.945953
559,C(Cl)(Cl)Cl,O=C(C=C1)N(C2=CC=CC=C2)C1=O,0,IJCK2016-TableI-R,ClC(Cl)Cl,O=C1C=CC(=O)N1c1ccccc1,-11.3978
560,C1COCCO1,O=C(C=C1)N(C2=CC=CC=C2)C1=O,0,IJCK2016-TableI-R,C1COCCO1,O=C1C=CC(=O)N1c1ccccc1,-11.059596
561,O,O=C([C@H](C12)C3(CO)C4=CC=CC=C4[C@H]2C5=C3C=CC=C5)N(C6=CC=CC=C6)C1=O,0,IJCK2016-TableI-P,O,O=C1C2C3c4ccccc4C(CO)(c4ccccc43)[C@@H]2C(=O)N1c1ccccc1,-15.939692
562,CC#N,O=C([C@H](C12)C3(CO)C4=CC=CC=C4[C@H]2C5=C3C=CC=C5)N(C6=CC=CC=C6)C1=O,0,IJCK2016-TableI-P,CC#N,O=C1C2C3c4ccccc4C(CO)(c4ccccc43)[C@@H]2C(=O)N1c1ccccc1,-22.844877
563,CCCCO,O=C([C@H](C12)C3(CO)C4=CC=CC=C4[C@H]2C5=C3C=CC=C5)N(C6=CC=CC=C6)C1=O,0,IJCK2016-TableI-P,CCCCO,O=C1C2C3c4ccccc4C(CO)(c4ccccc43)[C@@H]2C(=O)N1c1ccccc1,-22.65888
564,C(Cl)(Cl)Cl,O=C([C@H](C12)C3(CO)C4=CC=CC=C4[C@H]2C5=C3C=CC=C5)N(C6=CC=CC=C6)C1=O,0,IJCK2016-TableI-P,ClC(Cl)Cl,O=C1C2C3c4ccccc4C(CO)(c4ccccc43)[C@@H]2C(=O)N1c1ccccc1,-24.042595
565,C1COCCO1,O=C([C@H](C12)C3(CO)C4=CC=CC=C4[C@H]2C5=C3C=CC=C5)N(C6=CC=CC=C6)C1=O,0,IJCK2016-TableI-P,C1COCCO1,O=C1C2C3c4ccccc4C(CO)(c4ccccc43)[C@@H]2C(=O)N1c1ccccc1,-23.909708
566,C1COCCO1,OCC1=C2C(C=CC=C2)=C(CO)C3=CC=CC=C31,0,IJCK2016-TableII-R,C1COCCO1,OCc1c2ccccc2c(CO)c2ccccc12,-17.431648
567,CC#N,OCC1=C2C(C=CC=C2)=C(CO)C3=CC=CC=C31,0,IJCK2016-TableII-R,CC#N,OCc1c2ccccc2c(CO)c2ccccc12,-16.264894
568,C(Cl)(Cl)Cl,OCC1=C2C(C=CC=C2)=C(CO)C3=CC=CC=C31,0,IJCK2016-TableII-R,ClC(Cl)Cl,OCc1c2ccccc2c(CO)c2ccccc12,-15.867601
569,Cc1ccccc1,OCC1=C2C(C=CC=C2)=C(CO)C3=CC=CC=C31,0,IJCK2016-TableII-R,Cc1ccccc1,OCc1c2ccccc2c(CO)c2ccccc12,-15.320304
570,C1COCCO1,O=C(C=C1)OC1=O,0,IJCK2016-TableII-R,C1COCCO1,O=C1C=CC(=O)O1,-7.707897
571,CC#N,O=C(C=C1)OC1=O,0,IJCK2016-TableII-R,CC#N,O=C1C=CC(=O)O1,-7.8395486
572,C(Cl)(Cl)Cl,O=C(C=C1)OC1=O,0,IJCK2016-TableII-R,ClC(Cl)Cl,O=C1C=CC(=O)O1,-6.619313
573,Cc1ccccc1,O=C(C=C1)OC1=O,0,IJCK2016-TableII-R,Cc1ccccc1,O=C1C=CC(=O)O1,-6.449477
574,C1COCCO1,O=C([C@H](C12)C3(CO)C4=CC=CC=C4[C@@]2(CO)C5=C3C=CC=C5)OC1=O,0,IJCK2016-TableII-P,C1COCCO1,O=C1OC(=O)[C@@H]2C1C1(CO)c3ccccc3C2(CO)c2ccccc21,-22.361565
575,CC#N,O=C([C@H](C12)C3(CO)C4=CC=CC=C4[C@@]2(CO)C5=C3C=CC=C5)OC1=O,0,IJCK2016-TableII-P,CC#N,O=C1OC(=O)[C@@H]2C1C1(CO)c3ccccc3C2(CO)c2ccccc21,-21.85299
576,C(Cl)(Cl)Cl,O=C([C@H](C12)C3(CO)C4=CC=CC=C4[C@@]2(CO)C5=C3C=CC=C5)OC1=O,0,IJCK2016-TableII-P,ClC(Cl)Cl,O=C1OC(=O)[C@@H]2C1C1(CO)c3ccccc3C2(CO)c2ccccc21,-20.888346
577,Cc1ccccc1,O=C([C@H](C12)C3(CO)C4=CC=CC=C4[C@@]2(CO)C5=C3C=CC=C5)OC1=O,0,IJCK2016-TableII-P,Cc1ccccc1,O=C1OC(=O)[C@@H]2C1C1(CO)c3ccccc3C2(CO)c2ccccc21,-19.911156
578,CO,CC1(C)C2CC/C(C)=C/CCC(C2C1)=C,0,ChemPhysChem2014-Fig5-R,CO,C=C1CC/C=C(\C)CCC2C1CC2(C)C,-7.6114874
579,CCO,CC1(C)C2CC/C(C)=C/CCC(C2C1)=C,0,ChemPhysChem2014-Fig5-R,CCO,C=C1CC/C=C(\C)CCC2C1CC2(C)C,-8.049137
580,CCCO,CC1(C)C2CC/C(C)=C/CCC(C2C1)=C,0,ChemPhysChem2014-Fig5-R,CCCO,C=C1CC/C=C(\C)CCC2C1CC2(C)C,-8.337343
581,CC(O)C,CC1(C)C2CC/C(C)=C/CCC(C2C1)=C,0,ChemPhysChem2014-Fig5-R,CC(C)O,C=C1CC/C=C(\C)CCC2C1CC2(C)C,-8.210554
582,CC#N,CC1(C)C2CC/C(C)=C/CCC(C2C1)=C,0,ChemPhysChem2014-Fig5-R,CC#N,C=C1CC/C=C(\C)CCC2C1CC2(C)C,-7.690817
583,CC(=O)C,CC1(C)C2CC/C(C)=C/CCC(C2C1)=C,0,ChemPhysChem2014-Fig5-R,CC(C)=O,C=C1CC/C=C(\C)CCC2C1CC2(C)C,-8.266247
584,CC(C)(O)C,CC1(C)C2CC/C(C)=C/CCC(C2C1)=C,0,ChemPhysChem2014-Fig5-R,CC(C)(C)O,C=C1CC/C=C(\C)CCC2C1CC2(C)C,-8.366149
585,C1CCCO1,CC1(C)C2CC/C(C)=C/CCC(C2C1)=C,0,ChemPhysChem2014-Fig5-R,C1CCOC1,C=C1CC/C=C(\C)CCC2C1CC2(C)C,-9.416702
586,CN(C)C=O,CC1(C)C2CC/C(C)=C/CCC(C2C1)=C,0,ChemPhysChem2014-Fig5-R,CN(C)C=O,C=C1CC/C=C(\C)CCC2C1CC2(C)C,-8.06682
587,CC(=O)N(C)C,CC1(C)C2CC/C(C)=C/CCC(C2C1)=C,0,ChemPhysChem2014-Fig5-R,CC(=O)N(C)C,C=C1CC/C=C(\C)CCC2C1CC2(C)C,-8.31566
588,CO,OO,0,ChemPhysChem2014-Fig5-R,CO,OO,-8.543193
589,CCO,OO,0,ChemPhysChem2014-Fig5-R,CCO,OO,-8.304137
590,CCCO,OO,0,ChemPhysChem2014-Fig5-R,CCCO,OO,-7.9586344
591,CC(O)C,OO,0,ChemPhysChem2014-Fig5-R,CC(C)O,OO,-8.120689
592,CC#N,OO,0,ChemPhysChem2014-Fig5-R,CC#N,OO,-7.5088873
593,CC(=O)C,OO,0,ChemPhysChem2014-Fig5-R,CC(C)=O,OO,-8.230561
594,CC(C)(O)C,OO,0,ChemPhysChem2014-Fig5-R,CC(C)(C)O,OO,-8.492181
595,C1CCCO1,OO,0,ChemPhysChem2014-Fig5-R,C1CCOC1,OO,-8.854386
596,CN(C)C=O,OO,0,ChemPhysChem2014-Fig5-R,CN(C)C=O,OO,-9.561752
597,CC(=O)N(C)C,OO,0,ChemPhysChem2014-Fig5-R,CC(=O)N(C)C,OO,-9.494525
598,CO,CC1(C)C2CCC(C)(O3)C3CCC(C2C1)=C,0,ChemPhysChem2014-Fig5-P1,CO,C=C1CCC2OC2(C)CCC2C1CC2(C)C,-9.635873
599,CCO,CC1(C)C2CCC(C)(O3)C3CCC(C2C1)=C,0,ChemPhysChem2014-Fig5-P1,CCO,C=C1CCC2OC2(C)CCC2C1CC2(C)C,-9.65787
600,CCCO,CC1(C)C2CCC(C)(O3)C3CCC(C2C1)=C,0,ChemPhysChem2014-Fig5-P1,CCCO,C=C1CCC2OC2(C)CCC2C1CC2(C)C,-9.880422
601,CC(O)C,CC1(C)C2CCC(C)(O3)C3CCC(C2C1)=C,0,ChemPhysChem2014-Fig5-P1,CC(C)O,C=C1CCC2OC2(C)CCC2C1CC2(C)C,-9.654659
602,CC#N,CC1(C)C2CCC(C)(O3)C3CCC(C2C1)=C,0,ChemPhysChem2014-Fig5-P1,CC#N,C=C1CCC2OC2(C)CCC2C1CC2(C)C,-9.186978
603,CC(=O)C,CC1(C)C2CCC(C)(O3)C3CCC(C2C1)=C,0,ChemPhysChem2014-Fig5-P1,CC(C)=O,C=C1CCC2OC2(C)CCC2C1CC2(C)C,-9.6338825
604,CC(C)(O)C,CC1(C)C2CCC(C)(O3)C3CCC(C2C1)=C,0,ChemPhysChem2014-Fig5-P1,CC(C)(C)O,C=C1CCC2OC2(C)CCC2C1CC2(C)C,-9.712365
605,C1CCCO1,CC1(C)C2CCC(C)(O3)C3CCC(C2C1)=C,0,ChemPhysChem2014-Fig5-P1,C1CCOC1,C=C1CCC2OC2(C)CCC2C1CC2(C)C,-10.501365
606,CN(C)C=O,CC1(C)C2CCC(C)(O3)C3CCC(C2C1)=C,0,ChemPhysChem2014-Fig5-P1,CN(C)C=O,C=C1CCC2OC2(C)CCC2C1CC2(C)C,-9.142285
607,CC(=O)N(C)C,CC1(C)C2CCC(C)(O3)C3CCC(C2C1)=C,0,ChemPhysChem2014-Fig5-P1,CC(=O)N(C)C,C=C1CCC2OC2(C)CCC2C1CC2(C)C,-9.515855
608,CO,CC1(CCC2C3CC2(C)C)C(O1)CCC3=C,0,ChemPhysChem2014-Fig5-P2,CO,C=C1CCC2OC2(C)CCC2C1CC2(C)C,-9.635873
609,CCO,CC1(CCC2C3CC2(C)C)C(O1)CCC3=C,0,ChemPhysChem2014-Fig5-P2,CCO,C=C1CCC2OC2(C)CCC2C1CC2(C)C,-9.65787
610,CCCO,CC1(CCC2C3CC2(C)C)C(O1)CCC3=C,0,ChemPhysChem2014-Fig5-P2,CCCO,C=C1CCC2OC2(C)CCC2C1CC2(C)C,-9.880423
611,CC(O)C,CC1(CCC2C3CC2(C)C)C(O1)CCC3=C,0,ChemPhysChem2014-Fig5-P2,CC(C)O,C=C1CCC2OC2(C)CCC2C1CC2(C)C,-9.654659
612,CC#N,CC1(CCC2C3CC2(C)C)C(O1)CCC3=C,0,ChemPhysChem2014-Fig5-P2,CC#N,C=C1CCC2OC2(C)CCC2C1CC2(C)C,-9.18698
613,CC(=O)C,CC1(CCC2C3CC2(C)C)C(O1)CCC3=C,0,ChemPhysChem2014-Fig5-P2,CC(C)=O,C=C1CCC2OC2(C)CCC2C1CC2(C)C,-9.633883
614,CC(C)(O)C,CC1(CCC2C3CC2(C)C)C(O1)CCC3=C,0,ChemPhysChem2014-Fig5-P2,CC(C)(C)O,C=C1CCC2OC2(C)CCC2C1CC2(C)C,-9.712364
615,C1CCCO1,CC1(CCC2C3CC2(C)C)C(O1)CCC3=C,0,ChemPhysChem2014-Fig5-P2,C1CCOC1,C=C1CCC2OC2(C)CCC2C1CC2(C)C,-10.501364
616,CN(C)C=O,CC1(CCC2C3CC2(C)C)C(O1)CCC3=C,0,ChemPhysChem2014-Fig5-P2,CN(C)C=O,C=C1CCC2OC2(C)CCC2C1CC2(C)C,-9.142286
617,CC(=O)N(C)C,CC1(CCC2C3CC2(C)C)C(O1)CCC3=C,0,ChemPhysChem2014-Fig5-P2,CC(=O)N(C)C,C=C1CCC2OC2(C)CCC2C1CC2(C)C,-9.515854
618,CO,O,0,ChemPhysChem2014-Fig5-P,CO,O,-5.6757317
619,CCO,O,0,ChemPhysChem2014-Fig5-P,CCO,O,-5.1550064
620,CCCO,O,0,ChemPhysChem2014-Fig5-P,CCCO,O,-4.8136253
621,CC(O)C,O,0,ChemPhysChem2014-Fig5-P,CC(C)O,O,-5.212741
622,CC#N,O,0,ChemPhysChem2014-Fig5-P,CC#N,O,-4.377803
623,CC(=O)C,O,0,ChemPhysChem2014-Fig5-P,CC(C)=O,O,-4.3700824
624,CC(C)(O)C,O,0,ChemPhysChem2014-Fig5-P,CC(C)(C)O,O,-5.713192
625,C1CCCO1,O,0,ChemPhysChem2014-Fig5-P,C1CCOC1,O,-4.5521483
626,CN(C)C=O,O,0,ChemPhysChem2014-Fig5-P,CN(C)C=O,O,-5.4830894
627,CC(=O)N(C)C,O,0,ChemPhysChem2014-Fig5-P,CC(=O)N(C)C,O,-5.9471126
628,CCCCCC,O=Cc1occc1,0,logP_setA,CCCCCC,O=Cc1ccco1,-4.602296
629,Cc1ccccc1,O=Cc1occc1,0,logP_setA,Cc1ccccc1,O=Cc1ccco1,-6.030084
630,Clc1ccccc1,O=Cc1occc1,0,logP_setA,Clc1ccccc1,O=Cc1ccco1,-6.0916243
631,C(Cl)Cl,O=Cc1occc1,0,logP_setA,ClCCl,O=Cc1ccco1,-7.139163
632,CC(C)(C)OC,O=Cc1occc1,0,logP_setA,COC(C)(C)C,O=Cc1ccco1,-5.842024
633,CC(OC(C)C)=O,O=Cc1occc1,0,logP_setA,CC(=O)OC(C)C,O=Cc1ccco1,-6.3555927
634,c1ccc(cc1)CO,O=Cc1occc1,0,logP_setA,OCc1ccccc1,O=Cc1ccco1,-6.2863827
635,C1CCCCC1O,O=Cc1occc1,0,logP_setA,OC1CCCCC1,O=Cc1ccco1,-5.795697
636,CCCCO,O=Cc1occc1,0,logP_setA,CCCCO,O=Cc1ccco1,-5.7464776
637,CCCCCCCCO,O=Cc1occc1,0,logP_setA,CCCCCCCCO,O=Cc1ccco1,-5.3703475
638,O,O=Cc1occc1,0,logP_setA,O,O=Cc1ccco1,-5.4271917
639,CCCCCC,Oc1ccccc1,0,logP_setA,CCCCCC,Oc1ccccc1,-5.4507847
640,Cc1ccccc1,Oc1ccccc1,0,logP_setA,Cc1ccccc1,Oc1ccccc1,-6.9481254
641,Clc1ccccc1,Oc1ccccc1,0,logP_setA,Clc1ccccc1,Oc1ccccc1,-6.934912
642,C(Cl)Cl,Oc1ccccc1,0,logP_setA,ClCCl,Oc1ccccc1,-7.4252415
643,CC(C)(C)OC,Oc1ccccc1,0,logP_setA,COC(C)(C)C,Oc1ccccc1,-8.779011
644,CC(OC(C)C)=O,Oc1ccccc1,0,logP_setA,CC(=O)OC(C)C,Oc1ccccc1,-8.916298
645,c1ccc(cc1)CO,Oc1ccccc1,0,logP_setA,OCc1ccccc1,Oc1ccccc1,-8.580951
646,C1CCCCC1O,Oc1ccccc1,0,logP_setA,OC1CCCCC1,Oc1ccccc1,-9.089389
647,CCCCO,Oc1ccccc1,0,logP_setA,CCCCO,Oc1ccccc1,-8.981224
648,CCCCCCCCO,Oc1ccccc1,0,logP_setA,CCCCCCCCO,Oc1ccccc1,-8.720779
649,O,Oc1ccccc1,0,logP_setA,O,Oc1ccccc1,-6.638974
650,CCCCCC,CC(C)c1ccccc1O,0,logP_setA,CCCCCC,CC(C)c1ccccc1O,-7.2775025
651,Cc1ccccc1,CC(C)c1ccccc1O,0,logP_setA,Cc1ccccc1,CC(C)c1ccccc1O,-8.358488
652,Clc1ccccc1,CC(C)c1ccccc1O,0,logP_setA,Clc1ccccc1,CC(C)c1ccccc1O,-8.229574
653,C(Cl)Cl,CC(C)c1ccccc1O,0,logP_setA,ClCCl,CC(C)c1ccccc1O,-8.676764
654,CC(C)(C)OC,CC(C)c1ccccc1O,0,logP_setA,COC(C)(C)C,CC(C)c1ccccc1O,-9.813143
655,CC(OC(C)C)=O,CC(C)c1ccccc1O,0,logP_setA,CC(=O)OC(C)C,CC(C)c1ccccc1O,-9.800993
656,c1ccc(cc1)CO,CC(C)c1ccccc1O,0,logP_setA,OCc1ccccc1,CC(C)c1ccccc1O,-9.23502
657,C1CCCCC1O,CC(C)c1ccccc1O,0,logP_setA,OC1CCCCC1,CC(C)c1ccccc1O,-9.683268
658,CCCCO,CC(C)c1ccccc1O,0,logP_setA,CCCCO,CC(C)c1ccccc1O,-9.741677
659,CCCCCCCCO,CC(C)c1ccccc1O,0,logP_setA,CCCCCCCCO,CC(C)c1ccccc1O,-9.265047
660,O,CC(C)c1ccccc1O,0,logP_setA,O,CC(C)c1ccccc1O,-5.6626797
661,CCCCCC,Cc1cccc(O)c1,0,logP_setA,CCCCCC,Cc1cccc(O)c1,-5.595192
662,Cc1ccccc1,Cc1cccc(O)c1,0,logP_setA,Cc1ccccc1,Cc1cccc(O)c1,-6.9119473
663,Clc1ccccc1,Cc1cccc(O)c1,0,logP_setA,Clc1ccccc1,Cc1cccc(O)c1,-6.8629503
664,C(Cl)Cl,Cc1cccc(O)c1,0,logP_setA,ClCCl,Cc1cccc(O)c1,-7.199643
665,CC(C)(C)OC,Cc1cccc(O)c1,0,logP_setA,COC(C)(C)C,Cc1cccc(O)c1,-8.236603
666,CC(OC(C)C)=O,Cc1cccc(O)c1,0,logP_setA,CC(=O)OC(C)C,Cc1cccc(O)c1,-8.532569
667,c1ccc(cc1)CO,Cc1cccc(O)c1,0,logP_setA,OCc1ccccc1,Cc1cccc(O)c1,-8.008402
668,C1CCCCC1O,Cc1cccc(O)c1,0,logP_setA,OC1CCCCC1,Cc1cccc(O)c1,-8.523003
669,CCCCO,Cc1cccc(O)c1,0,logP_setA,CCCCO,Cc1cccc(O)c1,-8.507615
670,CCCCCCCCO,Cc1cccc(O)c1,0,logP_setA,CCCCCCCCO,Cc1cccc(O)c1,-8.232805
671,O,Cc1cccc(O)c1,0,logP_setA,O,Cc1cccc(O)c1,-5.6394086
672,CCCCCC,Oc1ccccc1O,0,logP_setA,CCCCCC,Oc1ccccc1O,-6.0676727
673,Cc1ccccc1,Oc1ccccc1O,0,logP_setA,Cc1ccccc1,Oc1ccccc1O,-7.958362
674,Clc1ccccc1,Oc1ccccc1O,0,logP_setA,Clc1ccccc1,Oc1ccccc1O,-7.753731
675,C(Cl)Cl,Oc1ccccc1O,0,logP_setA,ClCCl,Oc1ccccc1O,-8.602902
676,CC(C)(C)OC,Oc1ccccc1O,0,logP_setA,COC(C)(C)C,Oc1ccccc1O,-10.290678
677,CC(OC(C)C)=O,Oc1ccccc1O,0,logP_setA,CC(=O)OC(C)C,Oc1ccccc1O,-10.265485
678,c1ccc(cc1)CO,Oc1ccccc1O,0,logP_setA,OCc1ccccc1,Oc1ccccc1O,-10.331021
679,C1CCCCC1O,Oc1ccccc1O,0,logP_setA,OC1CCCCC1,Oc1ccccc1O,-10.735919
680,CCCCO,Oc1ccccc1O,0,logP_setA,CCCCO,Oc1ccccc1O,-10.736314
681,CCCCCCCCO,Oc1ccccc1O,0,logP_setA,CCCCCCCCO,Oc1ccccc1O,-10.302645
682,O,Oc1ccccc1O,0,logP_setA,O,Oc1ccccc1O,-9.800041
683,CCCCCC,Cc1ccc(O)c(O)c1,0,logP_setA,CCCCCC,Cc1ccc(O)c(O)c1,-7.0484753
684,Cc1ccccc1,Cc1ccc(O)c(O)c1,0,logP_setA,Cc1ccccc1,Cc1ccc(O)c(O)c1,-8.826047
685,Clc1ccccc1,Cc1ccc(O)c(O)c1,0,logP_setA,Clc1ccccc1,Cc1ccc(O)c(O)c1,-8.618062
686,C(Cl)Cl,Cc1ccc(O)c(O)c1,0,logP_setA,ClCCl,Cc1ccc(O)c(O)c1,-9.60304
687,CC(C)(C)OC,Cc1ccc(O)c(O)c1,0,logP_setA,COC(C)(C)C,Cc1ccc(O)c(O)c1,-11.073677
688,CC(OC(C)C)=O,Cc1ccc(O)c(O)c1,0,logP_setA,CC(=O)OC(C)C,Cc1ccc(O)c(O)c1,-11.159529
689,c1ccc(cc1)CO,Cc1ccc(O)c(O)c1,0,logP_setA,OCc1ccccc1,Cc1ccc(O)c(O)c1,-11.001788
690,C1CCCCC1O,Cc1ccc(O)c(O)c1,0,logP_setA,OC1CCCCC1,Cc1ccc(O)c(O)c1,-11.58984
691,CCCCO,Cc1ccc(O)c(O)c1,0,logP_setA,CCCCO,Cc1ccc(O)c(O)c1,-11.546941
692,CCCCCCCCO,Cc1ccc(O)c(O)c1,0,logP_setA,CCCCCCCCO,Cc1ccc(O)c(O)c1,-10.978175
693,O,Cc1ccc(O)c(O)c1,0,logP_setA,O,Cc1ccc(O)c(O)c1,-10.1070795
694,CCCCCC,Oc1cccc(O)c1,0,logP_setA,CCCCCC,Oc1cccc(O)c1,-5.9663744
695,Cc1ccccc1,Oc1cccc(O)c1,0,logP_setA,Cc1ccccc1,Oc1cccc(O)c1,-8.441931
696,Clc1ccccc1,Oc1cccc(O)c1,0,logP_setA,Clc1ccccc1,Oc1cccc(O)c1,-8.215351
697,C(Cl)Cl,Oc1cccc(O)c1,0,logP_setA,ClCCl,Oc1cccc(O)c1,-9.402893
698,CC(C)(C)OC,Oc1cccc(O)c1,0,logP_setA,COC(C)(C)C,Oc1cccc(O)c1,-11.268544
699,CC(OC(C)C)=O,Oc1cccc(O)c1,0,logP_setA,CC(=O)OC(C)C,Oc1cccc(O)c1,-11.949199
700,c1ccc(cc1)CO,Oc1cccc(O)c1,0,logP_setA,OCc1ccccc1,Oc1cccc(O)c1,-11.999884
701,C1CCCCC1O,Oc1cccc(O)c1,0,logP_setA,OC1CCCCC1,Oc1cccc(O)c1,-12.452461
702,CCCCO,Oc1cccc(O)c1,0,logP_setA,CCCCO,Oc1cccc(O)c1,-12.615464
703,CCCCCCCCO,Oc1cccc(O)c1,0,logP_setA,CCCCCCCCO,Oc1cccc(O)c1,-12.039865
704,O,Oc1cccc(O)c1,0,logP_setA,O,Oc1cccc(O)c1,-11.537991
705,CCCCCC,COc1cccc(OC)c1,0,logP_setA,CCCCCC,COc1cccc(OC)c1,-6.6810236
706,Cc1ccccc1,COc1cccc(OC)c1,0,logP_setA,Cc1ccccc1,COc1cccc(OC)c1,-7.702857
707,Clc1ccccc1,COc1cccc(OC)c1,0,logP_setA,Clc1ccccc1,COc1cccc(OC)c1,-7.8270426
708,C(Cl)Cl,COc1cccc(OC)c1,0,logP_setA,ClCCl,COc1cccc(OC)c1,-8.464076
709,CC(C)(C)OC,COc1cccc(OC)c1,0,logP_setA,COC(C)(C)C,COc1cccc(OC)c1,-7.598034
710,CC(OC(C)C)=O,COc1cccc(OC)c1,0,logP_setA,CC(=O)OC(C)C,COc1cccc(OC)c1,-7.683408
711,c1ccc(cc1)CO,COc1cccc(OC)c1,0,logP_setA,OCc1ccccc1,COc1cccc(OC)c1,-7.443704
712,C1CCCCC1O,COc1cccc(OC)c1,0,logP_setA,OC1CCCCC1,COc1cccc(OC)c1,-7.18334
713,CCCCO,COc1cccc(OC)c1,0,logP_setA,CCCCO,COc1cccc(OC)c1,-7.246068
714,CCCCCCCCO,COc1cccc(OC)c1,0,logP_setA,CCCCCCCCO,COc1cccc(OC)c1,-7.043624
715,O,COc1cccc(OC)c1,0,logP_setA,O,COc1cccc(OC)c1,-3.7612977
716,CCCCCC,COc1ccccc1O,0,logP_setA,CCCCCC,COc1ccccc1O,-6.5613256
717,Cc1ccccc1,COc1ccccc1O,0,logP_setA,Cc1ccccc1,COc1ccccc1O,-7.71239
718,Clc1ccccc1,COc1ccccc1O,0,logP_setA,Clc1ccccc1,COc1ccccc1O,-7.7454114
719,C(Cl)Cl,COc1ccccc1O,0,logP_setA,ClCCl,COc1ccccc1O,-8.467039
720,CC(C)(C)OC,COc1ccccc1O,0,logP_setA,COC(C)(C)C,COc1ccccc1O,-8.197339
721,CC(OC(C)C)=O,COc1ccccc1O,0,logP_setA,CC(=O)OC(C)C,COc1ccccc1O,-8.492269
722,c1ccc(cc1)CO,COc1ccccc1O,0,logP_setA,OCc1ccccc1,COc1ccccc1O,-8.194034
723,C1CCCCC1O,COc1ccccc1O,0,logP_setA,OC1CCCCC1,COc1ccccc1O,-8.163839
724,CCCCO,COc1ccccc1O,0,logP_setA,CCCCO,COc1ccccc1O,-8.1791725
725,CCCCCCCCO,COc1ccccc1O,0,logP_setA,CCCCCCCCO,COc1ccccc1O,-7.749005
726,O,COc1ccccc1O,0,logP_setA,O,COc1ccccc1O,-5.6342373
727,CCCCCC,COc1cc(C=O)ccc1O,0,logP_setA,CCCCCC,COc1cc(C=O)ccc1O,-7.93985
728,Cc1ccccc1,COc1cc(C=O)ccc1O,0,logP_setA,Cc1ccccc1,COc1cc(C=O)ccc1O,-9.87184
729,Clc1ccccc1,COc1cc(C=O)ccc1O,0,logP_setA,Clc1ccccc1,COc1cc(C=O)ccc1O,-9.849045
730,C(Cl)Cl,COc1cc(C=O)ccc1O,0,logP_setA,ClCCl,COc1cc(C=O)ccc1O,-11.045895
731,CC(C)(C)OC,COc1cc(C=O)ccc1O,0,logP_setA,COC(C)(C)C,COc1cc(C=O)ccc1O,-10.83372
732,CC(OC(C)C)=O,COc1cc(C=O)ccc1O,0,logP_setA,CC(=O)OC(C)C,COc1cc(C=O)ccc1O,-10.91453
733,c1ccc(cc1)CO,COc1cc(C=O)ccc1O,0,logP_setA,OCc1ccccc1,COc1cc(C=O)ccc1O,-11.024124
734,C1CCCCC1O,COc1cc(C=O)ccc1O,0,logP_setA,OC1CCCCC1,COc1cc(C=O)ccc1O,-11.093413
735,CCCCO,COc1cc(C=O)ccc1O,0,logP_setA,CCCCO,COc1cc(C=O)ccc1O,-10.951279
736,CCCCCCCCO,COc1cc(C=O)ccc1O,0,logP_setA,CCCCCCCCO,COc1cc(C=O)ccc1O,-10.554527
737,O,COc1cc(C=O)ccc1O,0,logP_setA,O,COc1cc(C=O)ccc1O,-7.4742174
738,CCCCCC,COc1ccc(C=O)cc1O,0,logP_setA,CCCCCC,COc1ccc(C=O)cc1O,-7.9531
739,Cc1ccccc1,COc1ccc(C=O)cc1O,0,logP_setA,Cc1ccccc1,COc1ccc(C=O)cc1O,-10.067158
740,Clc1ccccc1,COc1ccc(C=O)cc1O,0,logP_setA,Clc1ccccc1,COc1ccc(C=O)cc1O,-10.0050125
741,C(Cl)Cl,COc1ccc(C=O)cc1O,0,logP_setA,ClCCl,COc1ccc(C=O)cc1O,-11.245074
742,CC(C)(C)OC,COc1ccc(C=O)cc1O,0,logP_setA,COC(C)(C)C,COc1ccc(C=O)cc1O,-10.991582
743,CC(OC(C)C)=O,COc1ccc(C=O)cc1O,0,logP_setA,CC(=O)OC(C)C,COc1ccc(C=O)cc1O,-11.126281
744,c1ccc(cc1)CO,COc1ccc(C=O)cc1O,0,logP_setA,OCc1ccccc1,COc1ccc(C=O)cc1O,-11.255804
745,C1CCCCC1O,COc1ccc(C=O)cc1O,0,logP_setA,OC1CCCCC1,COc1ccc(C=O)cc1O,-11.306814
746,CCCCO,COc1ccc(C=O)cc1O,0,logP_setA,CCCCO,COc1ccc(C=O)cc1O,-11.149898
747,CCCCCCCCO,COc1ccc(C=O)cc1O,0,logP_setA,CCCCCCCCO,COc1ccc(C=O)cc1O,-10.731331
748,O,COc1ccc(C=O)cc1O,0,logP_setA,O,COc1ccc(C=O)cc1O,-7.9853754
749,CCCCCC,COc1cc(\C=C\C=O)ccc1O,0,logP_setA,CCCCCC,COc1cc(/C=C/C=O)ccc1O,-9.352827
750,Cc1ccccc1,COc1cc(\C=C\C=O)ccc1O,0,logP_setA,Cc1ccccc1,COc1cc(/C=C/C=O)ccc1O,-11.524189
751,Clc1ccccc1,COc1cc(\C=C\C=O)ccc1O,0,logP_setA,Clc1ccccc1,COc1cc(/C=C/C=O)ccc1O,-11.4538555
752,C(Cl)Cl,COc1cc(\C=C\C=O)ccc1O,0,logP_setA,ClCCl,COc1cc(/C=C/C=O)ccc1O,-12.678971
753,CC(C)(C)OC,COc1cc(\C=C\C=O)ccc1O,0,logP_setA,COC(C)(C)C,COc1cc(/C=C/C=O)ccc1O,-12.151108
754,CC(OC(C)C)=O,COc1cc(\C=C\C=O)ccc1O,0,logP_setA,CC(=O)OC(C)C,COc1cc(/C=C/C=O)ccc1O,-12.132481
755,c1ccc(cc1)CO,COc1cc(\C=C\C=O)ccc1O,0,logP_setA,OCc1ccccc1,COc1cc(/C=C/C=O)ccc1O,-12.207178
756,C1CCCCC1O,COc1cc(\C=C\C=O)ccc1O,0,logP_setA,OC1CCCCC1,COc1cc(/C=C/C=O)ccc1O,-12.170841
757,CCCCO,COc1cc(\C=C\C=O)ccc1O,0,logP_setA,CCCCO,COc1cc(/C=C/C=O)ccc1O,-12.108717
758,CCCCCCCCO,COc1cc(\C=C\C=O)ccc1O,0,logP_setA,CCCCCCCCO,COc1cc(/C=C/C=O)ccc1O,-11.733607
759,O,COc1cc(\C=C\C=O)ccc1O,0,logP_setA,O,COc1cc(/C=C/C=O)ccc1O,-8.0387335
760,CCCCCC,Oc1ccc(O)cc1,0,logP_setA,CCCCCC,Oc1ccc(O)cc1,-6.6157455
761,Cc1ccccc1,Oc1ccc(O)cc1,0,logP_setA,Cc1ccccc1,Oc1ccc(O)cc1,-8.878573
762,Clc1ccccc1,Oc1ccc(O)cc1,0,logP_setA,Clc1ccccc1,Oc1ccc(O)cc1,-8.618371
763,C(Cl)Cl,Oc1ccc(O)cc1,0,logP_setA,ClCCl,Oc1ccc(O)cc1,-9.720632
764,CC(C)(C)OC,Oc1ccc(O)cc1,0,logP_setA,COC(C)(C)C,Oc1ccc(O)cc1,-11.66791
765,CC(OC(C)C)=O,Oc1ccc(O)cc1,0,logP_setA,CC(=O)OC(C)C,Oc1ccc(O)cc1,-12.219651
766,c1ccc(cc1)CO,Oc1ccc(O)cc1,0,logP_setA,OCc1ccccc1,Oc1ccc(O)cc1,-12.358408
767,C1CCCCC1O,Oc1ccc(O)cc1,0,logP_setA,OC1CCCCC1,Oc1ccc(O)cc1,-12.961791
768,CCCCO,Oc1ccc(O)cc1,0,logP_setA,CCCCO,Oc1ccc(O)cc1,-13.076034
769,CCCCCCCCO,Oc1ccc(O)cc1,0,logP_setA,CCCCCCCCO,Oc1ccc(O)cc1,-12.561067
770,O,Oc1ccc(O)cc1,0,logP_setA,O,Oc1ccc(O)cc1,-12.097754
771,CCCCCC,COc1ccc(OC)cc1,0,logP_setA,CCCCCC,COc1ccc(OC)cc1,-6.684327
772,Cc1ccccc1,COc1ccc(OC)cc1,0,logP_setA,Cc1ccccc1,COc1ccc(OC)cc1,-7.710775
773,Clc1ccccc1,COc1ccc(OC)cc1,0,logP_setA,Clc1ccccc1,COc1ccc(OC)cc1,-7.8152
774,C(Cl)Cl,COc1ccc(OC)cc1,0,logP_setA,ClCCl,COc1ccc(OC)cc1,-8.413508
775,CC(C)(C)OC,COc1ccc(OC)cc1,0,logP_setA,COC(C)(C)C,COc1ccc(OC)cc1,-7.5672703
776,CC(OC(C)C)=O,COc1ccc(OC)cc1,0,logP_setA,CC(=O)OC(C)C,COc1ccc(OC)cc1,-7.643094
777,c1ccc(cc1)CO,COc1ccc(OC)cc1,0,logP_setA,OCc1ccccc1,COc1ccc(OC)cc1,-7.4022965
778,C1CCCCC1O,COc1ccc(OC)cc1,0,logP_setA,OC1CCCCC1,COc1ccc(OC)cc1,-7.125722
779,CCCCO,COc1ccc(OC)cc1,0,logP_setA,CCCCO,COc1ccc(OC)cc1,-7.164441
780,CCCCCCCCO,COc1ccc(OC)cc1,0,logP_setA,CCCCCCCCO,COc1ccc(OC)cc1,-6.9764347
781,O,COc1ccc(OC)cc1,0,logP_setA,O,COc1ccc(OC)cc1,-3.6752796
782,CCCCCC,COc1ccc(C=O)cc1,0,logP_setA,CCCCCC,COc1ccc(C=O)cc1,-6.9358087
783,Cc1ccccc1,COc1ccc(C=O)cc1,0,logP_setA,Cc1ccccc1,COc1ccc(C=O)cc1,-8.376269
784,Clc1ccccc1,COc1ccc(C=O)cc1,0,logP_setA,Clc1ccccc1,COc1ccc(C=O)cc1,-8.395806
785,C(Cl)Cl,COc1ccc(C=O)cc1,0,logP_setA,ClCCl,COc1ccc(C=O)cc1,-9.529714
786,CC(C)(C)OC,COc1ccc(C=O)cc1,0,logP_setA,COC(C)(C)C,COc1ccc(C=O)cc1,-8.253308
787,CC(OC(C)C)=O,COc1ccc(C=O)cc1,0,logP_setA,CC(=O)OC(C)C,COc1ccc(C=O)cc1,-8.510401
788,c1ccc(cc1)CO,COc1ccc(C=O)cc1,0,logP_setA,OCc1ccccc1,COc1ccc(C=O)cc1,-8.442381
789,C1CCCCC1O,COc1ccc(C=O)cc1,0,logP_setA,OC1CCCCC1,COc1ccc(C=O)cc1,-8.00239
790,CCCCO,COc1ccc(C=O)cc1,0,logP_setA,CCCCO,COc1ccc(C=O)cc1,-8.056274
791,CCCCCCCCO,COc1ccc(C=O)cc1,0,logP_setA,CCCCCCCCO,COc1ccc(C=O)cc1,-7.7571664
792,O,COc1ccc(C=O)cc1,0,logP_setA,O,COc1ccc(C=O)cc1,-5.5738645
793,CCCCCC,Cc1ccccc1C,0,logP_setA,CCCCCC,Cc1ccccc1C,-5.487227
794,Cc1ccccc1,Cc1ccccc1C,0,logP_setA,Cc1ccccc1,Cc1ccccc1C,-5.972748
795,Clc1ccccc1,Cc1ccccc1C,0,logP_setA,Clc1ccccc1,Cc1ccccc1C,-5.984734
796,C(Cl)Cl,Cc1ccccc1C,0,logP_setA,ClCCl,Cc1ccccc1C,-6.2431755
797,CC(C)(C)OC,Cc1ccccc1C,0,logP_setA,COC(C)(C)C,Cc1ccccc1C,-5.8890724
798,CC(OC(C)C)=O,Cc1ccccc1C,0,logP_setA,CC(=O)OC(C)C,Cc1ccccc1C,-6.0405893
799,c1ccc(cc1)CO,Cc1ccccc1C,0,logP_setA,OCc1ccccc1,Cc1ccccc1C,-5.4171205
800,C1CCCCC1O,Cc1ccccc1C,0,logP_setA,OC1CCCCC1,Cc1ccccc1C,-5.449977
801,CCCCO,Cc1ccccc1C,0,logP_setA,CCCCO,Cc1ccccc1C,-5.342575
802,CCCCCCCCO,Cc1ccccc1C,0,logP_setA,CCCCCCCCO,Cc1ccccc1C,-5.243653
803,O,Cc1ccccc1C,0,logP_setA,O,Cc1ccccc1C,-0.96942455
804,CCCCCC,CC(=O)c1ccccc1,0,logP_setA,CCCCCC,CC(=O)c1ccccc1,-6.1504455
805,Cc1ccccc1,CC(=O)c1ccccc1,0,logP_setA,Cc1ccccc1,CC(=O)c1ccccc1,-7.4691625
806,Clc1ccccc1,CC(=O)c1ccccc1,0,logP_setA,Clc1ccccc1,CC(=O)c1ccccc1,-7.5153494
807,C(Cl)Cl,CC(=O)c1ccccc1,0,logP_setA,ClCCl,CC(=O)c1ccccc1,-8.276235
808,CC(C)(C)OC,CC(=O)c1ccccc1,0,logP_setA,COC(C)(C)C,CC(=O)c1ccccc1,-7.3436594
809,CC(OC(C)C)=O,CC(=O)c1ccccc1,0,logP_setA,CC(=O)OC(C)C,CC(=O)c1ccccc1,-7.4796357
810,c1ccc(cc1)CO,CC(=O)c1ccccc1,0,logP_setA,OCc1ccccc1,CC(=O)c1ccccc1,-7.45527
811,C1CCCCC1O,CC(=O)c1ccccc1,0,logP_setA,OC1CCCCC1,CC(=O)c1ccccc1,-6.9793496
812,CCCCO,CC(=O)c1ccccc1,0,logP_setA,CCCCO,CC(=O)c1ccccc1,-7.1371126
813,CCCCCCCCO,CC(=O)c1ccccc1,0,logP_setA,CCCCCCCCO,CC(=O)c1ccccc1,-6.893365
814,O,CC(=O)c1ccccc1,0,logP_setA,O,CC(=O)c1ccccc1,-4.3593187
815,CCCCCC,CC(=O)c1ccccc1O,0,logP_setA,CCCCCC,CC(=O)c1ccccc1O,-6.8379345
816,Cc1ccccc1,CC(=O)c1ccccc1O,0,logP_setA,Cc1ccccc1,CC(=O)c1ccccc1O,-8.10378
817,Clc1ccccc1,CC(=O)c1ccccc1O,0,logP_setA,Clc1ccccc1,CC(=O)c1ccccc1O,-8.032007
818,C(Cl)Cl,CC(=O)c1ccccc1O,0,logP_setA,ClCCl,CC(=O)c1ccccc1O,-8.96746
819,CC(C)(C)OC,CC(=O)c1ccccc1O,0,logP_setA,COC(C)(C)C,CC(=O)c1ccccc1O,-8.308421
820,CC(OC(C)C)=O,CC(=O)c1ccccc1O,0,logP_setA,CC(=O)OC(C)C,CC(=O)c1ccccc1O,-8.41883
821,c1ccc(cc1)CO,CC(=O)c1ccccc1O,0,logP_setA,OCc1ccccc1,CC(=O)c1ccccc1O,-8.081804
822,C1CCCCC1O,CC(=O)c1ccccc1O,0,logP_setA,OC1CCCCC1,CC(=O)c1ccccc1O,-8.04044
823,CCCCO,CC(=O)c1ccccc1O,0,logP_setA,CCCCO,CC(=O)c1ccccc1O,-7.8228893
824,CCCCCCCCO,CC(=O)c1ccccc1O,0,logP_setA,CCCCCCCCO,CC(=O)c1ccccc1O,-7.7706313
825,O,CC(=O)c1ccccc1O,0,logP_setA,O,CC(=O)c1ccccc1O,-4.0969167
826,CCCCCC,O=C1c2ccccc2C(=O)c3ccccc13,0,logP_setA,CCCCCC,O=C1c2ccccc2C(=O)c2ccccc21,-10.707351
827,Cc1ccccc1,O=C1c2ccccc2C(=O)c3ccccc13,0,logP_setA,Cc1ccccc1,O=C1c2ccccc2C(=O)c2ccccc21,-12.413623
828,Clc1ccccc1,O=C1c2ccccc2C(=O)c3ccccc13,0,logP_setA,Clc1ccccc1,O=C1c2ccccc2C(=O)c2ccccc21,-12.479626
829,C(Cl)Cl,O=C1c2ccccc2C(=O)c3ccccc13,0,logP_setA,ClCCl,O=C1c2ccccc2C(=O)c2ccccc21,-13.434976
830,CC(C)(C)OC,O=C1c2ccccc2C(=O)c3ccccc13,0,logP_setA,COC(C)(C)C,O=C1c2ccccc2C(=O)c2ccccc21,-11.925512
831,CC(OC(C)C)=O,O=C1c2ccccc2C(=O)c3ccccc13,0,logP_setA,CC(=O)OC(C)C,O=C1c2ccccc2C(=O)c2ccccc21,-12.535583
832,c1ccc(cc1)CO,O=C1c2ccccc2C(=O)c3ccccc13,0,logP_setA,OCc1ccccc1,O=C1c2ccccc2C(=O)c2ccccc21,-11.999377
833,C1CCCCC1O,O=C1c2ccccc2C(=O)c3ccccc13,0,logP_setA,OC1CCCCC1,O=C1c2ccccc2C(=O)c2ccccc21,-11.680977
834,CCCCO,O=C1c2ccccc2C(=O)c3ccccc13,0,logP_setA,CCCCO,O=C1c2ccccc2C(=O)c2ccccc21,-11.30011
835,CCCCCCCCO,O=C1c2ccccc2C(=O)c3ccccc13,0,logP_setA,CCCCCCCCO,O=C1c2ccccc2C(=O)c2ccccc21,-11.513648
836,O,O=C1c2ccccc2C(=O)c3ccccc13,0,logP_setA,O,O=C1c2ccccc2C(=O)c2ccccc21,-6.6357245
837,CCCCCC,OC1c2ccccc2c3ccccc13,0,logP_setA,CCCCCC,OC1c2ccccc2-c2ccccc21,-10.061229
838,Cc1ccccc1,OC1c2ccccc2c3ccccc13,0,logP_setA,Cc1ccccc1,OC1c2ccccc2-c2ccccc21,-11.544351
839,Clc1ccccc1,OC1c2ccccc2c3ccccc13,0,logP_setA,Clc1ccccc1,OC1c2ccccc2-c2ccccc21,-11.490423
840,C(Cl)Cl,OC1c2ccccc2c3ccccc13,0,logP_setA,ClCCl,OC1c2ccccc2-c2ccccc21,-12.328774
841,CC(C)(C)OC,OC1c2ccccc2c3ccccc13,0,logP_setA,COC(C)(C)C,OC1c2ccccc2-c2ccccc21,-12.588514
842,CC(OC(C)C)=O,OC1c2ccccc2c3ccccc13,0,logP_setA,CC(=O)OC(C)C,OC1c2ccccc2-c2ccccc21,-12.844434
843,c1ccc(cc1)CO,OC1c2ccccc2c3ccccc13,0,logP_setA,OCc1ccccc1,OC1c2ccccc2-c2ccccc21,-12.074435
844,C1CCCCC1O,OC1c2ccccc2c3ccccc13,0,logP_setA,OC1CCCCC1,OC1c2ccccc2-c2ccccc21,-12.307753
845,CCCCO,OC1c2ccccc2c3ccccc13,0,logP_setA,CCCCO,OC1c2ccccc2-c2ccccc21,-12.409134
846,CCCCCCCCO,OC1c2ccccc2c3ccccc13,0,logP_setA,CCCCCCCCO,OC1c2ccccc2-c2ccccc21,-11.927615
847,O,OC1c2ccccc2c3ccccc13,0,logP_setA,O,OC1c2ccccc2-c2ccccc21,-7.81136
848,CCCCCC,Oc1cccc(O)c1O,0,logP_setA,CCCCCC,Oc1cccc(O)c1O,-7.1785674
849,Cc1ccccc1,Oc1cccc(O)c1O,0,logP_setA,Cc1ccccc1,Oc1cccc(O)c1O,-9.279984
850,Clc1ccccc1,Oc1cccc(O)c1O,0,logP_setA,Clc1ccccc1,Oc1cccc(O)c1O,-9.093737
851,C(Cl)Cl,Oc1cccc(O)c1O,0,logP_setA,ClCCl,Oc1cccc(O)c1O,-10.333888
852,CC(C)(C)OC,Oc1cccc(O)c1O,0,logP_setA,COC(C)(C)C,Oc1cccc(O)c1O,-11.95502
853,CC(OC(C)C)=O,Oc1cccc(O)c1O,0,logP_setA,CC(=O)OC(C)C,Oc1cccc(O)c1O,-12.617796
854,c1ccc(cc1)CO,Oc1cccc(O)c1O,0,logP_setA,OCc1ccccc1,Oc1cccc(O)c1O,-12.780021
855,C1CCCCC1O,Oc1cccc(O)c1O,0,logP_setA,OC1CCCCC1,Oc1cccc(O)c1O,-13.27823
856,CCCCO,Oc1cccc(O)c1O,0,logP_setA,CCCCO,Oc1cccc(O)c1O,-13.084215
857,CCCCCCCCO,Oc1cccc(O)c1O,0,logP_setA,CCCCCCCCO,Oc1cccc(O)c1O,-12.565943
858,O,Oc1cccc(O)c1O,0,logP_setA,O,Oc1cccc(O)c1O,-12.86229
859,CCCCCC,COc1cccc(O)c1O,0,logP_setA,CCCCCC,COc1cccc(O)c1O,-7.2098193
860,Cc1ccccc1,COc1cccc(O)c1O,0,logP_setA,Cc1ccccc1,COc1cccc(O)c1O,-8.823703
861,Clc1ccccc1,COc1cccc(O)c1O,0,logP_setA,Clc1ccccc1,COc1cccc(O)c1O,-8.739506
862,C(Cl)Cl,COc1cccc(O)c1O,0,logP_setA,ClCCl,COc1cccc(O)c1O,-9.519625
863,CC(C)(C)OC,COc1cccc(O)c1O,0,logP_setA,COC(C)(C)C,COc1cccc(O)c1O,-10.442054
864,CC(OC(C)C)=O,COc1cccc(O)c1O,0,logP_setA,CC(=O)OC(C)C,COc1cccc(O)c1O,-10.565189
865,c1ccc(cc1)CO,COc1cccc(O)c1O,0,logP_setA,OCc1ccccc1,COc1cccc(O)c1O,-10.228968
866,C1CCCCC1O,COc1cccc(O)c1O,0,logP_setA,OC1CCCCC1,COc1cccc(O)c1O,-10.600893
867,CCCCO,COc1cccc(O)c1O,0,logP_setA,CCCCO,COc1cccc(O)c1O,-10.476386
868,CCCCCCCCO,COc1cccc(O)c1O,0,logP_setA,CCCCCCCCO,COc1cccc(O)c1O,-10.197177
869,O,COc1cccc(O)c1O,0,logP_setA,O,COc1cccc(O)c1O,-7.9738126
870,CCCCCC,COc1cccc(OC)c1O,0,logP_setA,CCCCCC,COc1cccc(OC)c1O,-7.919811
871,Cc1ccccc1,COc1cccc(OC)c1O,0,logP_setA,Cc1ccccc1,COc1cccc(OC)c1O,-9.470859
872,Clc1ccccc1,COc1cccc(OC)c1O,0,logP_setA,Clc1ccccc1,COc1cccc(OC)c1O,-9.391723
873,C(Cl)Cl,COc1cccc(OC)c1O,0,logP_setA,ClCCl,COc1cccc(OC)c1O,-10.457568
874,CC(C)(C)OC,COc1cccc(OC)c1O,0,logP_setA,COC(C)(C)C,COc1cccc(OC)c1O,-9.640076
875,CC(OC(C)C)=O,COc1cccc(OC)c1O,0,logP_setA,CC(=O)OC(C)C,COc1cccc(OC)c1O,-9.91612
876,c1ccc(cc1)CO,COc1cccc(OC)c1O,0,logP_setA,OCc1ccccc1,COc1cccc(OC)c1O,-9.73765
877,C1CCCCC1O,COc1cccc(OC)c1O,0,logP_setA,OC1CCCCC1,COc1cccc(OC)c1O,-9.653772
878,CCCCO,COc1cccc(OC)c1O,0,logP_setA,CCCCO,COc1cccc(OC)c1O,-9.62683
879,CCCCCCCCO,COc1cccc(OC)c1O,0,logP_setA,CCCCCCCCO,COc1cccc(OC)c1O,-9.12623
880,O,COc1cccc(OC)c1O,0,logP_setA,O,COc1cccc(OC)c1O,-6.4453506
881,CCCCCC,COc1cc(C=O)cc(OC)c1O,0,logP_setA,CCCCCC,COc1cc(C=O)cc(OC)c1O,-9.354001
882,Cc1ccccc1,COc1cc(C=O)cc(OC)c1O,0,logP_setA,Cc1ccccc1,COc1cc(C=O)cc(OC)c1O,-11.731744
883,Clc1ccccc1,COc1cc(C=O)cc(OC)c1O,0,logP_setA,Clc1ccccc1,COc1cc(C=O)cc(OC)c1O,-11.678862
884,C(Cl)Cl,COc1cc(C=O)cc(OC)c1O,0,logP_setA,ClCCl,COc1cc(C=O)cc(OC)c1O,-12.8591795
885,CC(C)(C)OC,COc1cc(C=O)cc(OC)c1O,0,logP_setA,COC(C)(C)C,COc1cc(C=O)cc(OC)c1O,-12.017468
886,CC(OC(C)C)=O,COc1cc(C=O)cc(OC)c1O,0,logP_setA,CC(=O)OC(C)C,COc1cc(C=O)cc(OC)c1O,-12.259365
887,c1ccc(cc1)CO,COc1cc(C=O)cc(OC)c1O,0,logP_setA,OCc1ccccc1,COc1cc(C=O)cc(OC)c1O,-12.2644415
888,C1CCCCC1O,COc1cc(C=O)cc(OC)c1O,0,logP_setA,OC1CCCCC1,COc1cc(C=O)cc(OC)c1O,-12.029709
889,CCCCO,COc1cc(C=O)cc(OC)c1O,0,logP_setA,CCCCO,COc1cc(C=O)cc(OC)c1O,-11.980798
890,CCCCCCCCO,COc1cc(C=O)cc(OC)c1O,0,logP_setA,CCCCCCCCO,COc1cc(C=O)cc(OC)c1O,-11.513837
891,O,COc1cc(C=O)cc(OC)c1O,0,logP_setA,O,COc1cc(C=O)cc(OC)c1O,-8.7027025
892,CCCCCC,COc1cc(cc(OC)c1O)C(O)=O,0,logP_setA,CCCCCC,COc1cc(C(=O)O)cc(OC)c1O,-9.843425
893,Cc1ccccc1,COc1cc(cc(OC)c1O)C(O)=O,0,logP_setA,Cc1ccccc1,COc1cc(C(=O)O)cc(OC)c1O,-12.235546
894,Clc1ccccc1,COc1cc(cc(OC)c1O)C(O)=O,0,logP_setA,Clc1ccccc1,COc1cc(C(=O)O)cc(OC)c1O,-12.016444
895,C(Cl)Cl,COc1cc(cc(OC)c1O)C(O)=O,0,logP_setA,ClCCl,COc1cc(C(=O)O)cc(OC)c1O,-13.349654
896,CC(C)(C)OC,COc1cc(cc(OC)c1O)C(O)=O,0,logP_setA,COC(C)(C)C,COc1cc(C(=O)O)cc(OC)c1O,-14.198497
897,CC(OC(C)C)=O,COc1cc(cc(OC)c1O)C(O)=O,0,logP_setA,CC(=O)OC(C)C,COc1cc(C(=O)O)cc(OC)c1O,-14.362625
898,c1ccc(cc1)CO,COc1cc(cc(OC)c1O)C(O)=O,0,logP_setA,OCc1ccccc1,COc1cc(C(=O)O)cc(OC)c1O,-14.216228
899,C1CCCCC1O,COc1cc(cc(OC)c1O)C(O)=O,0,logP_setA,OC1CCCCC1,COc1cc(C(=O)O)cc(OC)c1O,-14.524026
900,CCCCO,COc1cc(cc(OC)c1O)C(O)=O,0,logP_setA,CCCCO,COc1cc(C(=O)O)cc(OC)c1O,-14.41068
901,CCCCCCCCO,COc1cc(cc(OC)c1O)C(O)=O,0,logP_setA,CCCCCCCCO,COc1cc(C(=O)O)cc(OC)c1O,-14.002799
902,O,COc1cc(cc(OC)c1O)C(O)=O,0,logP_setA,O,COc1cc(C(=O)O)cc(OC)c1O,-11.547891
903,CCCCCC,OC(=O)c1cc(O)c(O)c(O)c1,0,logP_setA,CCCCCC,O=C(O)c1cc(O)c(O)c(O)c1,-10.770397
904,Cc1ccccc1,OC(=O)c1cc(O)c(O)c(O)c1,0,logP_setA,Cc1ccccc1,O=C(O)c1cc(O)c(O)c(O)c1,-13.266988
905,Clc1ccccc1,OC(=O)c1cc(O)c(O)c(O)c1,0,logP_setA,Clc1ccccc1,O=C(O)c1cc(O)c(O)c(O)c1,-13.199934
906,C(Cl)Cl,OC(=O)c1cc(O)c(O)c(O)c1,0,logP_setA,ClCCl,O=C(O)c1cc(O)c(O)c(O)c1,-14.722856
907,CC(C)(C)OC,OC(=O)c1cc(O)c(O)c(O)c1,0,logP_setA,COC(C)(C)C,O=C(O)c1cc(O)c(O)c(O)c1,-16.184603
908,CC(OC(C)C)=O,OC(=O)c1cc(O)c(O)c(O)c1,0,logP_setA,CC(=O)OC(C)C,O=C(O)c1cc(O)c(O)c(O)c1,-18.020319
909,c1ccc(cc1)CO,OC(=O)c1cc(O)c(O)c(O)c1,0,logP_setA,OCc1ccccc1,O=C(O)c1cc(O)c(O)c(O)c1,-17.685637
910,C1CCCCC1O,OC(=O)c1cc(O)c(O)c(O)c1,0,logP_setA,OC1CCCCC1,O=C(O)c1cc(O)c(O)c(O)c1,-18.055227
911,CCCCO,OC(=O)c1cc(O)c(O)c(O)c1,0,logP_setA,CCCCO,O=C(O)c1cc(O)c(O)c(O)c1,-18.28585
912,CCCCCCCCO,OC(=O)c1cc(O)c(O)c(O)c1,0,logP_setA,CCCCCCCCO,O=C(O)c1cc(O)c(O)c(O)c1,-17.864271
913,O,OC(=O)c1cc(O)c(O)c(O)c1,0,logP_setA,O,O=C(O)c1cc(O)c(O)c(O)c1,-18.614246
914,CCCCCC,COc1cc(ccc1O)C(O)=O,0,logP_setA,CCCCCC,COc1cc(C(=O)O)ccc1O,-8.663173
915,Cc1ccccc1,COc1cc(ccc1O)C(O)=O,0,logP_setA,Cc1ccccc1,COc1cc(C(=O)O)ccc1O,-10.635663
916,Clc1ccccc1,COc1cc(ccc1O)C(O)=O,0,logP_setA,Clc1ccccc1,COc1cc(C(=O)O)ccc1O,-10.382139
917,C(Cl)Cl,COc1cc(ccc1O)C(O)=O,0,logP_setA,ClCCl,COc1cc(C(=O)O)ccc1O,-11.54164
918,CC(C)(C)OC,COc1cc(ccc1O)C(O)=O,0,logP_setA,COC(C)(C)C,COc1cc(C(=O)O)ccc1O,-12.953936
919,CC(OC(C)C)=O,COc1cc(ccc1O)C(O)=O,0,logP_setA,CC(=O)OC(C)C,COc1cc(C(=O)O)ccc1O,-13.072521
920,c1ccc(cc1)CO,COc1cc(ccc1O)C(O)=O,0,logP_setA,OCc1ccccc1,COc1cc(C(=O)O)ccc1O,-12.864733
921,C1CCCCC1O,COc1cc(ccc1O)C(O)=O,0,logP_setA,OC1CCCCC1,COc1cc(C(=O)O)ccc1O,-13.281585
922,CCCCO,COc1cc(ccc1O)C(O)=O,0,logP_setA,CCCCO,COc1cc(C(=O)O)ccc1O,-13.16105
923,CCCCCCCCO,COc1cc(ccc1O)C(O)=O,0,logP_setA,CCCCCCCCO,COc1cc(C(=O)O)ccc1O,-12.721164
924,O,COc1cc(ccc1O)C(O)=O,0,logP_setA,O,COc1cc(C(=O)O)ccc1O,-10.825921
925,CCCCCC,OC(=O)c1ccc(O)cc1,0,logP_setA,CCCCCC,O=C(O)c1ccc(O)cc1,-7.34192
926,Cc1ccccc1,OC(=O)c1ccc(O)cc1,0,logP_setA,Cc1ccccc1,O=C(O)c1ccc(O)cc1,-9.105714
927,Clc1ccccc1,OC(=O)c1ccc(O)cc1,0,logP_setA,Clc1ccccc1,O=C(O)c1ccc(O)cc1,-9.02575
928,C(Cl)Cl,OC(=O)c1ccc(O)cc1,0,logP_setA,ClCCl,O=C(O)c1ccc(O)cc1,-10.204865
929,CC(C)(C)OC,OC(=O)c1ccc(O)cc1,0,logP_setA,COC(C)(C)C,O=C(O)c1ccc(O)cc1,-10.825829
930,CC(OC(C)C)=O,OC(=O)c1ccc(O)cc1,0,logP_setA,CC(=O)OC(C)C,O=C(O)c1ccc(O)cc1,-11.105342
931,c1ccc(cc1)CO,OC(=O)c1ccc(O)cc1,0,logP_setA,OCc1ccccc1,O=C(O)c1ccc(O)cc1,-11.20347
932,C1CCCCC1O,OC(=O)c1ccc(O)cc1,0,logP_setA,OC1CCCCC1,O=C(O)c1ccc(O)cc1,-11.458504
933,CCCCO,OC(=O)c1ccc(O)cc1,0,logP_setA,CCCCO,O=C(O)c1ccc(O)cc1,-11.401335
934,CCCCCCCCO,OC(=O)c1ccc(O)cc1,0,logP_setA,CCCCCCCCO,O=C(O)c1ccc(O)cc1,-11.107689
935,O,OC(=O)c1ccc(O)cc1,0,logP_setA,O,O=C(O)c1ccc(O)cc1,-9.324965
936,CCCCCC,COc1cc(\C=C\C(O)=O)ccc1O,0,logP_setA,CCCCCC,COc1cc(/C=C/C(=O)O)ccc1O,-10.369351
937,Cc1ccccc1,COc1cc(\C=C\C(O)=O)ccc1O,0,logP_setA,Cc1ccccc1,COc1cc(/C=C/C(=O)O)ccc1O,-13.239408
938,Clc1ccccc1,COc1cc(\C=C\C(O)=O)ccc1O,0,logP_setA,Clc1ccccc1,COc1cc(/C=C/C(=O)O)ccc1O,-12.970299
939,C(Cl)Cl,COc1cc(\C=C\C(O)=O)ccc1O,0,logP_setA,ClCCl,COc1cc(/C=C/C(=O)O)ccc1O,-14.208299
940,CC(C)(C)OC,COc1cc(\C=C\C(O)=O)ccc1O,0,logP_setA,COC(C)(C)C,COc1cc(/C=C/C(=O)O)ccc1O,-15.184383
941,CC(OC(C)C)=O,COc1cc(\C=C\C(O)=O)ccc1O,0,logP_setA,CC(=O)OC(C)C,COc1cc(/C=C/C(=O)O)ccc1O,-15.297588
942,c1ccc(cc1)CO,COc1cc(\C=C\C(O)=O)ccc1O,0,logP_setA,OCc1ccccc1,COc1cc(/C=C/C(=O)O)ccc1O,-15.517433
943,C1CCCCC1O,COc1cc(\C=C\C(O)=O)ccc1O,0,logP_setA,OC1CCCCC1,COc1cc(/C=C/C(=O)O)ccc1O,-15.707532
944,CCCCO,COc1cc(\C=C\C(O)=O)ccc1O,0,logP_setA,CCCCO,COc1cc(/C=C/C(=O)O)ccc1O,-15.638493
945,CCCCCCCCO,COc1cc(\C=C\C(O)=O)ccc1O,0,logP_setA,CCCCCCCCO,COc1cc(/C=C/C(=O)O)ccc1O,-15.198059
946,O,COc1cc(\C=C\C(O)=O)ccc1O,0,logP_setA,O,COc1cc(/C=C/C(=O)O)ccc1O,-12.774173
947,CCCCCC,COc1ccc(cc1)C(O)=O,0,logP_setA,CCCCCC,COc1ccc(C(=O)O)cc1,-7.5677295
948,Cc1ccccc1,COc1ccc(cc1)C(O)=O,0,logP_setA,Cc1ccccc1,COc1ccc(C(=O)O)cc1,-9.692145
949,Clc1ccccc1,COc1ccc(cc1)C(O)=O,0,logP_setA,Clc1ccccc1,COc1ccc(C(=O)O)cc1,-9.621576
950,C(Cl)Cl,COc1ccc(cc1)C(O)=O,0,logP_setA,ClCCl,COc1ccc(C(=O)O)cc1,-10.81315
951,CC(C)(C)OC,COc1ccc(cc1)C(O)=O,0,logP_setA,COC(C)(C)C,COc1ccc(C(=O)O)cc1,-11.600347
952,CC(OC(C)C)=O,COc1ccc(cc1)C(O)=O,0,logP_setA,CC(=O)OC(C)C,COc1ccc(C(=O)O)cc1,-11.54913
953,c1ccc(cc1)CO,COc1ccc(cc1)C(O)=O,0,logP_setA,OCc1ccccc1,COc1ccc(C(=O)O)cc1,-11.791443
954,C1CCCCC1O,COc1ccc(cc1)C(O)=O,0,logP_setA,OC1CCCCC1,COc1ccc(C(=O)O)cc1,-11.910671
955,CCCCO,COc1ccc(cc1)C(O)=O,0,logP_setA,CCCCO,COc1ccc(C(=O)O)cc1,-11.76734
956,CCCCCCCCO,COc1ccc(cc1)C(O)=O,0,logP_setA,CCCCCCCCO,COc1ccc(C(=O)O)cc1,-11.535516
957,O,COc1ccc(cc1)C(O)=O,0,logP_setA,O,COc1ccc(C(=O)O)cc1,-9.328697
958,Cc1ccccc1,Nc1ccccc1,0,logP_setB,Cc1ccccc1,Nc1ccccc1,-6.59254
959,C(Cl)Cl,Nc1ccccc1,0,logP_setB,ClCCl,Nc1ccccc1,-7.3875594
960,CC(OC(C)C)=O,Nc1ccccc1,0,logP_setB,CC(=O)OC(C)C,Nc1ccccc1,-7.343262
961,CCCCO,Nc1ccccc1,0,logP_setB,CCCCO,Nc1ccccc1,-7.0482225
962,O,Nc1ccccc1,0,logP_setB,O,Nc1ccccc1,-5.6084867
963,Cc1ccccc1,Nc1ccc(cc1)C(F)(F)F,0,logP_setB,Cc1ccccc1,Nc1ccc(C(F)(F)F)cc1,-7.9059534
964,C(Cl)Cl,Nc1ccc(cc1)C(F)(F)F,0,logP_setB,ClCCl,Nc1ccc(C(F)(F)F)cc1,-8.451429
965,CC(OC(C)C)=O,Nc1ccc(cc1)C(F)(F)F,0,logP_setB,CC(=O)OC(C)C,Nc1ccc(C(F)(F)F)cc1,-9.188249
966,CCCCO,Nc1ccc(cc1)C(F)(F)F,0,logP_setB,CCCCO,Nc1ccc(C(F)(F)F)cc1,-9.134397
967,O,Nc1ccc(cc1)C(F)(F)F,0,logP_setB,O,Nc1ccc(C(F)(F)F)cc1,-5.6817737
968,Cc1ccccc1,N(c1ccccc1)c2ccccc2,0,logP_setB,Cc1ccccc1,c1ccc(Nc2ccccc2)cc1,-11.121998
969,C(Cl)Cl,N(c1ccccc1)c2ccccc2,0,logP_setB,ClCCl,c1ccc(Nc2ccccc2)cc1,-11.628147
970,CC(OC(C)C)=O,N(c1ccccc1)c2ccccc2,0,logP_setB,CC(=O)OC(C)C,c1ccc(Nc2ccccc2)cc1,-11.950505
971,CCCCO,N(c1ccccc1)c2ccccc2,0,logP_setB,CCCCO,c1ccc(Nc2ccccc2)cc1,-11.06282
972,O,N(c1ccccc1)c2ccccc2,0,logP_setB,O,c1ccc(Nc2ccccc2)cc1,-6.3467293
973,Cc1ccccc1,Nc1ccc(cc1)[S](N)(=O)=O,0,logP_setB,Cc1ccccc1,Nc1ccc(S(N)(=O)=O)cc1,-12.795147
974,C(Cl)Cl,Nc1ccc(cc1)[S](N)(=O)=O,0,logP_setB,ClCCl,Nc1ccc(S(N)(=O)=O)cc1,-14.602851
975,CC(OC(C)C)=O,Nc1ccc(cc1)[S](N)(=O)=O,0,logP_setB,CC(=O)OC(C)C,Nc1ccc(S(N)(=O)=O)cc1,-16.349705
976,CCCCO,Nc1ccc(cc1)[S](N)(=O)=O,0,logP_setB,CCCCO,Nc1ccc(S(N)(=O)=O)cc1,-16.407782
977,O,Nc1ccc(cc1)[S](N)(=O)=O,0,logP_setB,O,Nc1ccc(S(N)(=O)=O)cc1,-15.020595
978,Cc1ccccc1,[nH]1cnc2ccccc12,0,logP_setB,Cc1ccccc1,c1ccc2[nH]cnc2c1,-8.4921055
979,C(Cl)Cl,[nH]1cnc2ccccc12,0,logP_setB,ClCCl,c1ccc2[nH]cnc2c1,-9.355722
980,CC(OC(C)C)=O,[nH]1cnc2ccccc12,0,logP_setB,CC(=O)OC(C)C,c1ccc2[nH]cnc2c1,-9.951048
981,CCCCO,[nH]1cnc2ccccc12,0,logP_setB,CCCCO,c1ccc2[nH]cnc2c1,-10.036624
982,O,[nH]1cnc2ccccc12,0,logP_setB,O,c1ccc2[nH]cnc2c1,-8.397572
983,Cc1ccccc1,[O-][N+](=O)c1ccc2nc[nH]c2c1,0,logP_setB,Cc1ccccc1,O=[N+]([O-])c1ccc2nc[nH]c2c1,-11.44794
984,C(Cl)Cl,[O-][N+](=O)c1ccc2nc[nH]c2c1,0,logP_setB,ClCCl,O=[N+]([O-])c1ccc2nc[nH]c2c1,-13.045242
985,CC(OC(C)C)=O,[O-][N+](=O)c1ccc2nc[nH]c2c1,0,logP_setB,CC(=O)OC(C)C,O=[N+]([O-])c1ccc2nc[nH]c2c1,-13.500553
986,CCCCO,[O-][N+](=O)c1ccc2nc[nH]c2c1,0,logP_setB,CCCCO,O=[N+]([O-])c1ccc2nc[nH]c2c1,-13.723784
987,O,[O-][N+](=O)c1ccc2nc[nH]c2c1,0,logP_setB,O,O=[N+]([O-])c1ccc2nc[nH]c2c1,-12.4400015
988,Cc1ccccc1,CC1=CNC(=O)NC1=O,0,logP_setB,Cc1ccccc1,Cc1c[nH]c(=O)[nH]c1=O,-12.122595
989,C(Cl)Cl,CC1=CNC(=O)NC1=O,0,logP_setB,ClCCl,Cc1c[nH]c(=O)[nH]c1=O,-13.823982
990,CC(OC(C)C)=O,CC1=CNC(=O)NC1=O,0,logP_setB,CC(=O)OC(C)C,Cc1c[nH]c(=O)[nH]c1=O,-15.726259
991,CCCCO,CC1=CNC(=O)NC1=O,0,logP_setB,CCCCO,Cc1c[nH]c(=O)[nH]c1=O,-16.449436
992,O,CC1=CNC(=O)NC1=O,0,logP_setB,O,Cc1c[nH]c(=O)[nH]c1=O,-16.70733
993,Cc1ccccc1,Cn1cnc2N(C)C(=O)N(C)C(=O)c12,0,logP_setB,Cc1ccccc1,Cn1c(=O)c2c(ncn2C)n(C)c1=O,-12.564287
994,C(Cl)Cl,Cn1cnc2N(C)C(=O)N(C)C(=O)c12,0,logP_setB,ClCCl,Cn1c(=O)c2c(ncn2C)n(C)c1=O,-14.094112
995,CC(OC(C)C)=O,Cn1cnc2N(C)C(=O)N(C)C(=O)c12,0,logP_setB,CC(=O)OC(C)C,Cn1c(=O)c2c(ncn2C)n(C)c1=O,-12.650489
996,CCCCO,Cn1cnc2N(C)C(=O)N(C)C(=O)c12,0,logP_setB,CCCCO,Cn1c(=O)c2c(ncn2C)n(C)c1=O,-12.719738
997,O,Cn1cnc2N(C)C(=O)N(C)C(=O)c12,0,logP_setB,O,Cn1c(=O)c2c(ncn2C)n(C)c1=O,-11.623702
998,Cc1ccccc1,O=C1NC(=O)C(N1)(c2ccccc2)c3ccccc3,0,logP_setB,Cc1ccccc1,O=C1NC(=O)C(c2ccccc2)(c2ccccc2)N1,-15.954463
999,C(Cl)Cl,O=C1NC(=O)C(N1)(c2ccccc2)c3ccccc3,0,logP_setB,ClCCl,O=C1NC(=O)C(c2ccccc2)(c2ccccc2)N1,-17.113604
1000,CC(OC(C)C)=O,O=C1NC(=O)C(N1)(c2ccccc2)c3ccccc3,0,logP_setB,CC(=O)OC(C)C,O=C1NC(=O)C(c2ccccc2)(c2ccccc2)N1,-18.062029
1001,CCCCO,O=C1NC(=O)C(N1)(c2ccccc2)c3ccccc3,0,logP_setB,CCCCO,O=C1NC(=O)C(c2ccccc2)(c2ccccc2)N1,-18.093006
1002,O,O=C1NC(=O)C(N1)(c2ccccc2)c3ccccc3,0,logP_setB,O,O=C1NC(=O)C(c2ccccc2)(c2ccccc2)N1,-16.79319
1003,Cc1ccccc1,COC(=O)c1ccccc1C(=O)OC,0,logP_setB,Cc1ccccc1,COC(=O)c1ccccc1C(=O)OC,-10.391422
1004,C(Cl)Cl,COC(=O)c1ccccc1C(=O)OC,0,logP_setB,ClCCl,COC(=O)c1ccccc1C(=O)OC,-11.835992
1005,CC(OC(C)C)=O,COC(=O)c1ccccc1C(=O)OC,0,logP_setB,CC(=O)OC(C)C,COC(=O)c1ccccc1C(=O)OC,-10.468768
1006,CCCCO,COC(=O)c1ccccc1C(=O)OC,0,logP_setB,CCCCO,COC(=O)c1ccccc1C(=O)OC,-9.876996
1007,O,COC(=O)c1ccccc1C(=O)OC,0,logP_setB,O,COC(=O)c1ccccc1C(=O)OC,-7.989128
1008,Cc1ccccc1,O=[P](c1ccccc1)(c2ccccc2)c3ccccc3,0,logP_setB,Cc1ccccc1,O=P(c1ccccc1)(c1ccccc1)c1ccccc1,-15.460181
1009,C(Cl)Cl,O=[P](c1ccccc1)(c2ccccc2)c3ccccc3,0,logP_setB,ClCCl,O=P(c1ccccc1)(c1ccccc1)c1ccccc1,-16.20996
1010,CC(OC(C)C)=O,O=[P](c1ccccc1)(c2ccccc2)c3ccccc3,0,logP_setB,CC(=O)OC(C)C,O=P(c1ccccc1)(c1ccccc1)c1ccccc1,-15.079961
1011,CCCCO,O=[P](c1ccccc1)(c2ccccc2)c3ccccc3,0,logP_setB,CCCCO,O=P(c1ccccc1)(c1ccccc1)c1ccccc1,-14.415046
1012,O,O=[P](c1ccccc1)(c2ccccc2)c3ccccc3,0,logP_setB,O,O=P(c1ccccc1)(c1ccccc1)c1ccccc1,-8.118455
1013,Cc1ccccc1,Oc1cccc2ccccc12,0,logP_setB,Cc1ccccc1,Oc1cccc2ccccc12,-10.143503
1014,C(Cl)Cl,Oc1cccc2ccccc12,0,logP_setB,ClCCl,Oc1cccc2ccccc12,-10.627075
1015,CC(OC(C)C)=O,Oc1cccc2ccccc12,0,logP_setB,CC(=O)OC(C)C,Oc1cccc2ccccc12,-11.8523245
1016,CCCCO,Oc1cccc2ccccc12,0,logP_setB,CCCCO,Oc1cccc2ccccc12,-11.603429
1017,O,Oc1cccc2ccccc12,0,logP_setB,O,Oc1cccc2ccccc12,-7.8145795
1018,Cc1ccccc1,C[C@]12CC[C@H]3[C@@H](CCc4cc(O)ccc34)[C@@H]1CC[C@@H]2O,0,logP_setB,Cc1ccccc1,C[C@]12CC[C@@H]3c4ccc(O)cc4CC[C@H]3[C@@H]1CC[C@@H]2O,-17.26508
1019,C(Cl)Cl,C[C@]12CC[C@H]3[C@@H](CCc4cc(O)ccc34)[C@@H]1CC[C@@H]2O,0,logP_setB,ClCCl,C[C@]12CC[C@@H]3c4ccc(O)cc4CC[C@H]3[C@@H]1CC[C@@H]2O,-18.300333
1020,CC(OC(C)C)=O,C[C@]12CC[C@H]3[C@@H](CCc4cc(O)ccc34)[C@@H]1CC[C@@H]2O,0,logP_setB,CC(=O)OC(C)C,C[C@]12CC[C@@H]3c4ccc(O)cc4CC[C@H]3[C@@H]1CC[C@@H]2O,-19.09211
1021,CCCCO,C[C@]12CC[C@H]3[C@@H](CCc4cc(O)ccc34)[C@@H]1CC[C@@H]2O,0,logP_setB,CCCCO,C[C@]12CC[C@@H]3c4ccc(O)cc4CC[C@H]3[C@@H]1CC[C@@H]2O,-18.804897
1022,O,C[C@]12CC[C@H]3[C@@H](CCc4cc(O)ccc34)[C@@H]1CC[C@@H]2O,0,logP_setB,O,C[C@]12CC[C@@H]3c4ccc(O)cc4CC[C@H]3[C@@H]1CC[C@@H]2O,-13.507423
1023,Cc1ccccc1,NC(=O)c1ccccc1,0,logP_setB,Cc1ccccc1,NC(=O)c1ccccc1,-9.513432
1024,C(Cl)Cl,NC(=O)c1ccccc1,0,logP_setB,ClCCl,NC(=O)c1ccccc1,-11.200931
1025,CC(OC(C)C)=O,NC(=O)c1ccccc1,0,logP_setB,CC(=O)OC(C)C,NC(=O)c1ccccc1,-10.84641
1026,CCCCO,NC(=O)c1ccccc1,0,logP_setB,CCCCO,NC(=O)c1ccccc1,-11.534844
1027,O,NC(=O)c1ccccc1,0,logP_setB,O,NC(=O)c1ccccc1,-10.867441
1028,Cc1ccccc1,CCN(CC)C(=O)c1cccnc1,0,logP_setB,Cc1ccccc1,CCN(CC)C(=O)c1cccnc1,-11.162664
1029,C(Cl)Cl,CCN(CC)C(=O)c1cccnc1,0,logP_setB,ClCCl,CCN(CC)C(=O)c1cccnc1,-12.667698
1030,CC(OC(C)C)=O,CCN(CC)C(=O)c1cccnc1,0,logP_setB,CC(=O)OC(C)C,CCN(CC)C(=O)c1cccnc1,-11.0548
1031,CCCCO,CCN(CC)C(=O)c1cccnc1,0,logP_setB,CCCCO,CCN(CC)C(=O)c1cccnc1,-10.777028
1032,O,CCN(CC)C(=O)c1cccnc1,0,logP_setB,O,CCN(CC)C(=O)c1cccnc1,-8.009384
1033,Cc1ccccc1,CN1N(C(=O)C(=C1C)CC2=C(C)N(C)N(C2=O)c3ccccc3)c4ccccc4,0,logP_setB,Cc1ccccc1,Cc1c(Cc2c(C)n(C)n(-c3ccccc3)c2=O)c(=O)n(-c2ccccc2)n1C,-22.591417
1034,C(Cl)Cl,CN1N(C(=O)C(=C1C)CC2=C(C)N(C)N(C2=O)c3ccccc3)c4ccccc4,0,logP_setB,ClCCl,Cc1c(Cc2c(C)n(C)n(-c3ccccc3)c2=O)c(=O)n(-c2ccccc2)n1C,-23.850027
1035,CC(OC(C)C)=O,CN1N(C(=O)C(=C1C)CC2=C(C)N(C)N(C2=O)c3ccccc3)c4ccccc4,0,logP_setB,CC(=O)OC(C)C,Cc1c(Cc2c(C)n(C)n(-c3ccccc3)c2=O)c(=O)n(-c2ccccc2)n1C,-21.805948
1036,CCCCO,CN1N(C(=O)C(=C1C)CC2=C(C)N(C)N(C2=O)c3ccccc3)c4ccccc4,0,logP_setB,CCCCO,Cc1c(Cc2c(C)n(C)n(-c3ccccc3)c2=O)c(=O)n(-c2ccccc2)n1C,-21.372177
1037,O,CN1N(C(=O)C(=C1C)CC2=C(C)N(C)N(C2=O)c3ccccc3)c4ccccc4,0,logP_setB,O,Cc1c(Cc2c(C)n(C)n(-c3ccccc3)c2=O)c(=O)n(-c2ccccc2)n1C,-13.553174
1038,Cc1ccccc1,CN(C(C)=C(C(C1=CC=CC=C1)C(C2=O)=C(C)N(C)N2C3=CC=CC=C3)C4=O)N4C5=CC=CC=C5,0,logP_setB,Cc1ccccc1,Cc1c(C(c2ccccc2)c2c(C)n(C)n(-c3ccccc3)c2=O)c(=O)n(-c2ccccc2)n1C,-26.302366
1039,C(Cl)Cl,CN(C(C)=C(C(C1=CC=CC=C1)C(C2=O)=C(C)N(C)N2C3=CC=CC=C3)C4=O)N4C5=CC=CC=C5,0,logP_setB,ClCCl,Cc1c(C(c2ccccc2)c2c(C)n(C)n(-c3ccccc3)c2=O)c(=O)n(-c2ccccc2)n1C,-27.23962
1040,CC(OC(C)C)=O,CN(C(C)=C(C(C1=CC=CC=C1)C(C2=O)=C(C)N(C)N2C3=CC=CC=C3)C4=O)N4C5=CC=CC=C5,0,logP_setB,CC(=O)OC(C)C,Cc1c(C(c2ccccc2)c2c(C)n(C)n(-c3ccccc3)c2=O)c(=O)n(-c2ccccc2)n1C,-25.425753
1041,CCCCO,CN(C(C)=C(C(C1=CC=CC=C1)C(C2=O)=C(C)N(C)N2C3=CC=CC=C3)C4=O)N4C5=CC=CC=C5,0,logP_setB,CCCCO,Cc1c(C(c2ccccc2)c2c(C)n(C)n(-c3ccccc3)c2=O)c(=O)n(-c2ccccc2)n1C,-24.650055
1042,O,CN(C(C)=C(C(C1=CC=CC=C1)C(C2=O)=C(C)N(C)N2C3=CC=CC=C3)C4=O)N4C5=CC=CC=C5,0,logP_setB,O,Cc1c(C(c2ccccc2)c2c(C)n(C)n(-c3ccccc3)c2=O)c(=O)n(-c2ccccc2)n1C,-14.19481
1043,C(Cl)(Cl)Cl,CN1C=NC2=C(N=CN=C21)N,0,setC-A,ClC(Cl)Cl,Cn1cnc2c(N)ncnc21,-12.368747
1044,O,CN1C=NC2=C(N=CN=C21)N,0,setC-A,O,Cn1cnc2c(N)ncnc21,-13.59839
1045,C(Cl)(Cl)Cl,CN1C=CC(=NC1=O)N,0,setC-C,ClC(Cl)Cl,Cn1ccc(N)nc1=O,-10.734689
1046,O,CN1C=CC(=NC1=O)N,0,setC-C,O,Cn1ccc(N)nc1=O,-9.893721
1047,C(Cl)(Cl)Cl,CN1C=CC(=O)NC1=O,0,setC-U,ClC(Cl)Cl,Cn1ccc(=O)[nH]c1=O,-10.6963
1048,O,CN1C=CC(=O)NC1=O,0,setC-U,O,Cn1ccc(=O)[nH]c1=O,-11.449198
1049,C(Cl)(Cl)Cl,CC1=CN(C(=O)NC1=O)C,0,setC-T,ClC(Cl)Cl,Cc1cn(C)c(=O)[nH]c1=O,-9.693052
1050,O,CC1=CN(C(=O)NC1=O)C,0,setC-T,O,Cc1cn(C)c(=O)[nH]c1=O,-9.916382
1051,C(Cl)(Cl)Cl,CN1C=NC2=C1N=C(NC2=O)N,0,setC-G,ClC(Cl)Cl,Cn1cnc2c(=O)[nH]c(N)nc21,-16.000916
1052,O,CN1C=NC2=C1N=C(NC2=O)N,0,setC-G,O,Cn1cnc2c(=O)[nH]c(N)nc21,-19.091515
1053,C(Cl)(Cl)Cl,CC1=CNC2=CC=CC=C12,0,setC-W,ClC(Cl)Cl,Cc1c[nH]c2ccccc12,-9.069536
1054,O,CC1=CNC2=CC=CC=C12,0,setC-W,O,Cc1c[nH]c2ccccc12,-5.816763
1055,C(Cl)(Cl)Cl,Cc1ccccc1,0,setC-F,ClC(Cl)Cl,Cc1ccccc1,-5.4587855
1056,O,Cc1ccccc1,0,setC-F,O,Cc1ccccc1,-0.8079317
